Branch,Segment_Index,Distance_km,Area_km2,Runoff_C,Is_Polder_Zone,Q_lat_base_m3_s,NH4_conc_base_mg_L,NO3_conc_base_mg_L,PO4_conc_base_mg_L,TOC_conc_base_mg_L,DIC_conc_base_mg_L,SPM_conc_base_mg_L,CH4_conc_base_umol_L,N2O_conc_base_umol_L,AT_conc_base_ueq_L
Tien_Main,0,0,2.0,0.435,True,0.00174,11.6,9.7,1.95,5.4,23.3,103.0,0.408,0.089,1200.0
Tien_Main,1,1,2.0,0.435,True,0.00174,11.6,9.7,1.95,5.4,23.3,103.0,0.408,0.089,1200.0
Tien_Main,2,2,2.0,0.435,True,0.00174,11.6,9.7,1.95,5.4,23.3,103.0,0.408,0.089,1200.0
Tien_Main,3,3,2.0,0.435,True,0.00174,11.6,9.7,1.95,5.4,23.3,103.0,0.408,0.089,1200.0
Tien_Main,4,4,2.0,0.435,True,0.00174,11.6,9.7,1.95,5.4,23.3,103.0,0.408,0.089,1200.0
Tien_Main,5,5,2.0,0.435,True,0.00174,11.6,9.7,1.95,5.4,23.3,103.0,0.408,0.089,1200.0
Tien_Main,6,6,2.0,0.435,True,0.00174,11.6,9.7,1.95,5.4,23.3,103.0,0.408,0.089,1200.0
Tien_Main,7,7,2.0,0.435,True,0.00174,11.6,9.7,1.95,5.4,23.3,103.0,0.408,0.089,1200.0
Tien_Main,8,8,2.0,0.435,True,0.00174,11.6,9.7,1.95,5.4,23.3,103.0,0.408,0.089,1200.0
Tien_Main,9,9,2.0,0.435,True,0.00174,11.6,9.7,1.95,5.4,23.3,103.0,0.408,0.089,1200.0
Tien_Main,10,10,2.0,0.435,True,0.00174,11.6,9.7,1.95,5.4,23.3,103.0,0.408,0.089,1200.0
Tien_Main,11,11,2.0,0.435,True,0.00174,11.6,9.7,1.95,5.4,23.3,103.0,0.408,0.089,1200.0
Tien_Main,12,12,2.0,0.435,True,0.00174,11.6,9.7,1.95,5.4,23.3,103.0,0.408,0.089,1200.0
Tien_Main,13,13,2.0,0.435,True,0.00174,11.6,9.7,1.95,5.4,23.3,103.0,0.408,0.089,1200.0
Tien_Main,14,14,2.0,0.435,True,0.00174,11.6,9.7,1.95,5.4,23.3,103.0,0.408,0.089,1200.0
Tien_Main,15,15,2.0,0.435,True,0.00174,11.6,9.7,1.95,5.4,23.3,103.0,0.408,0.089,1200.0
Tien_Main,16,16,2.0,0.435,True,0.00174,11.6,9.7,1.95,5.4,23.3,103.0,0.408,0.089,1200.0
Tien_Main,17,17,2.0,0.435,True,0.00174,11.6,9.7,1.95,5.4,23.3,103.0,0.408,0.089,1200.0
Tien_Main,18,18,2.0,0.435,True,0.00174,11.6,9.7,1.95,5.4,23.3,103.0,0.408,0.089,1200.0
Tien_Main,19,19,2.0,0.435,True,0.00174,11.6,9.7,1.95,5.4,23.3,103.0,0.408,0.089,1200.0
Tien_Main,20,20,2.0,0.435,True,0.00174,11.6,9.7,1.95,5.4,23.3,103.0,0.408,0.089,1200.0
Tien_Main,21,21,2.0,0.435,True,0.00174,11.6,9.7,1.95,5.4,23.3,103.0,0.408,0.089,1200.0
Tien_Main,22,22,2.0,0.435,True,0.00174,11.6,9.7,1.95,5.4,23.3,103.0,0.408,0.089,1200.0
Tien_Main,23,23,2.0,0.435,True,0.00174,11.6,9.7,1.95,5.4,23.3,103.0,0.408,0.089,1200.0
Tien_Main,24,24,2.0,0.435,True,0.00174,11.6,9.7,1.95,5.4,23.3,103.0,0.408,0.089,1200.0
Tien_Main,25,25,2.0,0.435,True,0.00174,11.6,9.7,1.95,5.4,23.3,103.0,0.408,0.089,1200.0
Tien_Main,26,26,2.0,0.435,True,0.00174,11.6,9.7,1.95,5.4,23.3,103.0,0.408,0.089,1200.0
Tien_Main,27,27,2.0,0.435,True,0.00174,11.6,9.7,1.95,5.4,23.3,103.0,0.408,0.089,1200.0
Tien_Main,28,28,2.0,0.435,True,0.00174,11.6,9.7,1.95,5.4,23.3,103.0,0.408,0.089,1200.0
Tien_Main,29,29,2.0,0.435,True,0.00174,11.6,9.7,1.95,5.4,23.3,103.0,0.408,0.089,1200.0
Tien_Main,30,30,2.0,0.435,True,0.00174,11.6,9.7,1.95,5.4,23.3,103.0,0.408,0.089,1200.0
Tien_Main,31,31,2.0,0.435,True,0.00174,11.6,9.7,1.95,5.4,23.3,103.0,0.408,0.089,1200.0
Tien_Main,32,32,2.0,0.435,True,0.00174,11.6,9.7,1.95,5.4,23.3,103.0,0.408,0.089,1200.0
Tien_Main,33,33,2.0,0.435,True,0.00174,11.6,9.7,1.95,5.4,23.3,103.0,0.408,0.089,1200.0
Tien_Main,34,34,2.0,0.435,True,0.00174,11.6,9.7,1.95,5.4,23.3,103.0,0.408,0.089,1200.0
Tien_Main,35,35,2.0,0.435,True,0.00174,11.6,9.7,1.95,5.4,23.3,103.0,0.408,0.089,1200.0
Tien_Main,36,36,2.0,0.435,True,0.00174,11.6,9.7,1.95,5.4,23.3,103.0,0.408,0.089,1200.0
Tien_Main,37,37,2.0,0.435,True,0.00174,11.6,9.7,1.95,5.4,23.3,103.0,0.408,0.089,1200.0
Tien_Main,38,38,2.0,0.435,True,0.00174,11.6,9.7,1.95,5.4,23.3,103.0,0.408,0.089,1200.0
Tien_Main,39,39,2.0,0.435,True,0.00174,11.6,9.7,1.95,5.4,23.3,103.0,0.408,0.089,1200.0
Tien_Main,40,40,2.0,0.435,True,0.00174,11.6,9.7,1.95,5.4,23.3,103.0,0.408,0.089,1200.0
Tien_Main,41,41,2.0,0.435,True,0.00174,11.6,9.7,1.95,5.4,23.3,103.0,0.408,0.089,1200.0
Tien_Main,42,42,2.0,0.435,True,0.00174,11.6,9.7,1.95,5.4,23.3,103.0,0.408,0.089,1200.0
Tien_Main,43,43,2.0,0.435,True,0.00174,11.6,9.7,1.95,5.4,23.3,103.0,0.408,0.089,1200.0
Tien_Main,44,44,2.0,0.435,True,0.00174,11.6,9.7,1.95,5.4,23.3,103.0,0.408,0.089,1200.0
Hau_Main,0,0,2.0,0.412,True,0.00165,11.45,9.95,1.95,5.5,23.65,100.5,0.4305,0.0915,1190.0
Hau_Main,1,1,2.0,0.412,True,0.00165,11.45,9.95,1.95,5.5,23.65,100.5,0.4305,0.0915,1190.0
Hau_Main,2,2,2.0,0.412,True,0.00165,11.45,9.95,1.95,5.5,23.65,100.5,0.4305,0.0915,1190.0
Hau_Main,3,3,2.0,0.412,True,0.00165,11.45,9.95,1.95,5.5,23.65,100.5,0.4305,0.0915,1190.0
Hau_Main,4,4,2.0,0.412,True,0.00165,11.45,9.95,1.95,5.5,23.65,100.5,0.4305,0.0915,1190.0
Hau_Main,5,5,2.0,0.412,True,0.00165,11.45,9.95,1.95,5.5,23.65,100.5,0.4305,0.0915,1190.0
Hau_Main,6,6,2.0,0.412,True,0.00165,11.45,9.95,1.95,5.5,23.65,100.5,0.4305,0.0915,1190.0
Hau_Main,7,7,2.0,0.412,True,0.00165,11.45,9.95,1.95,5.5,23.65,100.5,0.4305,0.0915,1190.0
Hau_Main,8,8,2.0,0.412,True,0.00165,11.45,9.95,1.95,5.5,23.65,100.5,0.4305,0.0915,1190.0
Hau_Main,9,9,2.0,0.412,True,0.00165,11.45,9.95,1.95,5.5,23.65,100.5,0.4305,0.0915,1190.0
Hau_Main,10,10,2.0,0.412,True,0.00165,11.45,9.95,1.95,5.5,23.65,100.5,0.4305,0.0915,1190.0
Hau_Main,11,11,2.0,0.412,True,0.00165,11.45,9.95,1.95,5.5,23.65,100.5,0.4305,0.0915,1190.0
Hau_Main,12,12,2.0,0.412,True,0.00165,11.45,9.95,1.95,5.5,23.65,100.5,0.4305,0.0915,1190.0
Hau_Main,13,13,2.0,0.412,True,0.00165,11.45,9.95,1.95,5.5,23.65,100.5,0.4305,0.0915,1190.0
Hau_Main,14,14,2.0,0.412,True,0.00165,11.45,9.95,1.95,5.5,23.65,100.5,0.4305,0.0915,1190.0
Hau_Main,15,15,2.0,0.412,True,0.00165,11.45,9.95,1.95,5.5,23.65,100.5,0.4305,0.0915,1190.0
Hau_Main,16,16,2.0,0.412,True,0.00165,11.45,9.95,1.95,5.5,23.65,100.5,0.4305,0.0915,1190.0
Hau_Main,17,17,2.0,0.412,True,0.00165,11.45,9.95,1.95,5.5,23.65,100.5,0.4305,0.0915,1190.0
Hau_Main,18,18,2.0,0.412,True,0.00165,11.45,9.95,1.95,5.5,23.65,100.5,0.4305,0.0915,1190.0
Hau_Main,19,19,2.0,0.412,True,0.00165,11.45,9.95,1.95,5.5,23.65,100.5,0.4305,0.0915,1190.0
Hau_Main,20,20,2.0,0.412,True,0.00165,11.45,9.95,1.95,5.5,23.65,100.5,0.4305,0.0915,1190.0
Hau_Main,21,21,2.0,0.412,True,0.00165,11.45,9.95,1.95,5.5,23.65,100.5,0.4305,0.0915,1190.0
Hau_Main,22,22,2.0,0.412,True,0.00165,11.45,9.95,1.95,5.5,23.65,100.5,0.4305,0.0915,1190.0
Hau_Main,23,23,2.0,0.412,True,0.00165,11.45,9.95,1.95,5.5,23.65,100.5,0.4305,0.0915,1190.0
Hau_Main,24,24,2.0,0.412,True,0.00165,11.45,9.95,1.95,5.5,23.65,100.5,0.4305,0.0915,1190.0
Hau_Main,25,25,2.0,0.412,True,0.00165,11.45,9.95,1.95,5.5,23.65,100.5,0.4305,0.0915,1190.0
Hau_Main,26,26,2.0,0.412,True,0.00165,11.45,9.95,1.95,5.5,23.65,100.5,0.4305,0.0915,1190.0
Hau_Main,27,27,2.0,0.412,True,0.00165,11.45,9.95,1.95,5.5,23.65,100.5,0.4305,0.0915,1190.0
Hau_Main,28,28,2.0,0.412,True,0.00165,11.45,9.95,1.95,5.5,23.65,100.5,0.4305,0.0915,1190.0
Hau_Main,29,29,2.0,0.412,True,0.00165,11.45,9.95,1.95,5.5,23.65,100.5,0.4305,0.0915,1190.0
Hau_Main,30,30,2.0,0.412,True,0.00165,11.45,9.95,1.95,5.5,23.65,100.5,0.4305,0.0915,1190.0
Vam_Nao,0,0,2.0,0.418,True,0.00167,11.8,9.85,1.98,5.7,24.15,101.5,0.454,0.0945,1200.0
Vam_Nao,1,1,2.0,0.418,True,0.00167,11.8,9.85,1.98,5.7,24.15,101.5,0.454,0.0945,1200.0
Vam_Nao,2,2,2.0,0.418,True,0.00167,11.8,9.85,1.98,5.7,24.15,101.5,0.454,0.0945,1200.0
Vam_Nao,3,3,2.0,0.418,True,0.00167,11.8,9.85,1.98,5.7,24.15,101.5,0.454,0.0945,1200.0
Vam_Nao,4,4,2.0,0.418,True,0.00167,11.8,9.85,1.98,5.7,24.15,101.5,0.454,0.0945,1200.0
Vam_Nao,5,5,2.0,0.418,True,0.00167,11.8,9.85,1.98,5.7,24.15,101.5,0.454,0.0945,1200.0
Vam_Nao,6,6,2.0,0.418,True,0.00167,11.8,9.85,1.98,5.7,24.15,101.5,0.454,0.0945,1200.0
Vam_Nao,7,7,2.0,0.418,True,0.00167,11.8,9.85,1.98,5.7,24.15,101.5,0.454,0.0945,1200.0
Vam_Nao,8,8,2.0,0.418,True,0.00167,11.8,9.85,1.98,5.7,24.15,101.5,0.454,0.0945,1200.0
Tien_Lower,0,0,2.0,0.425,True,0.0017,10.9,9.9,1.9,5.0,22.3,101.0,0.361,0.083,1180.0
Tien_Lower,1,1,2.0,0.425,True,0.0017,10.9,9.9,1.9,5.0,22.3,101.0,0.361,0.083,1180.0
Tien_Lower,2,2,2.0,0.425,True,0.0017,10.9,9.9,1.9,5.0,22.3,101.0,0.361,0.083,1180.0
Tien_Lower,3,3,2.0,0.425,True,0.0017,10.9,9.9,1.9,5.0,22.3,101.0,0.361,0.083,1180.0
Tien_Lower,4,4,2.0,0.425,True,0.0017,10.9,9.9,1.9,5.0,22.3,101.0,0.361,0.083,1180.0
Tien_Lower,5,5,2.0,0.425,True,0.0017,10.9,9.9,1.9,5.0,22.3,101.0,0.361,0.083,1180.0
Tien_Lower,6,6,2.0,0.425,True,0.0017,10.9,9.9,1.9,5.0,22.3,101.0,0.361,0.083,1180.0
Tien_Lower,7,7,2.0,0.425,True,0.0017,10.9,9.9,1.9,5.0,22.3,101.0,0.361,0.083,1180.0
Tien_Lower,8,8,2.0,0.425,True,0.0017,10.9,9.9,1.9,5.0,22.3,101.0,0.361,0.083,1180.0
Tien_Lower,9,9,2.0,0.425,True,0.0017,10.9,9.9,1.9,5.0,22.3,101.0,0.361,0.083,1180.0
Tien_Lower,10,10,2.0,0.425,True,0.0017,10.9,9.9,1.9,5.0,22.3,101.0,0.361,0.083,1180.0
Tien_Lower,11,11,2.0,0.425,True,0.0017,10.9,9.9,1.9,5.0,22.3,101.0,0.361,0.083,1180.0
Tien_Lower,12,12,2.0,0.425,True,0.0017,10.9,9.9,1.9,5.0,22.3,101.0,0.361,0.083,1180.0
Tien_Lower,13,13,2.0,0.425,True,0.0017,10.9,9.9,1.9,5.0,22.3,101.0,0.361,0.083,1180.0
Tien_Lower,14,14,2.0,0.425,True,0.0017,10.9,9.9,1.9,5.0,22.3,101.0,0.361,0.083,1180.0
Tien_Lower,15,15,2.0,0.425,True,0.0017,10.9,9.9,1.9,5.0,22.3,101.0,0.361,0.083,1180.0
Tien_Lower,16,16,2.0,0.425,True,0.0017,10.9,9.9,1.9,5.0,22.3,101.0,0.361,0.083,1180.0
Tien_Lower,17,17,2.0,0.425,True,0.0017,10.9,9.9,1.9,5.0,22.3,101.0,0.361,0.083,1180.0
Tien_Lower,18,18,2.0,0.425,True,0.0017,10.9,9.9,1.9,5.0,22.3,101.0,0.361,0.083,1180.0
Tien_Lower,19,19,2.0,0.425,True,0.0017,10.9,9.9,1.9,5.0,22.3,101.0,0.361,0.083,1180.0
Tien_Lower,20,20,2.0,0.425,True,0.0017,10.9,9.9,1.9,5.0,22.3,101.0,0.361,0.083,1180.0
Tien_Lower,21,21,2.0,0.425,True,0.0017,10.9,9.9,1.9,5.0,22.3,101.0,0.361,0.083,1180.0
Tien_Lower,22,22,2.0,0.425,True,0.0017,10.9,9.9,1.9,5.0,22.3,101.0,0.361,0.083,1180.0
Tien_Lower,23,23,2.0,0.425,True,0.0017,10.9,9.9,1.9,5.0,22.3,101.0,0.361,0.083,1180.0
Tien_Lower,24,24,2.0,0.425,True,0.0017,10.9,9.9,1.9,5.0,22.3,101.0,0.361,0.083,1180.0
Tien_Lower,25,25,2.0,0.425,True,0.0017,10.9,9.9,1.9,5.0,22.3,101.0,0.361,0.083,1180.0
Tien_Lower,26,26,2.0,0.425,True,0.0017,10.9,9.9,1.9,5.0,22.3,101.0,0.361,0.083,1180.0
Tien_Lower,27,27,2.0,0.425,True,0.0017,10.9,9.9,1.9,5.0,22.3,101.0,0.361,0.083,1180.0
Tien_Lower,28,28,2.0,0.425,True,0.0017,10.9,9.9,1.9,5.0,22.3,101.0,0.361,0.083,1180.0
Tien_Lower,29,29,2.0,0.425,True,0.0017,10.9,9.9,1.9,5.0,22.3,101.0,0.361,0.083,1180.0
Tien_Lower,30,30,2.0,0.425,True,0.0017,10.9,9.9,1.9,5.0,22.3,101.0,0.361,0.083,1180.0
Tien_Lower,31,31,2.0,0.425,True,0.0017,10.9,9.9,1.9,5.0,22.3,101.0,0.361,0.083,1180.0
Tien_Lower,32,32,2.0,0.425,True,0.0017,10.9,9.9,1.9,5.0,22.3,101.0,0.361,0.083,1180.0
Tien_Lower,33,33,2.0,0.425,True,0.0017,10.9,9.9,1.9,5.0,22.3,101.0,0.361,0.083,1180.0
Tien_Lower,34,34,2.0,0.425,True,0.0017,10.9,9.9,1.9,5.0,22.3,101.0,0.361,0.083,1180.0
Tien_Lower,35,35,2.0,0.425,True,0.0017,10.9,9.9,1.9,5.0,22.3,101.0,0.361,0.083,1180.0
Tien_Lower,36,36,2.0,0.425,True,0.0017,10.9,9.9,1.9,5.0,22.3,101.0,0.361,0.083,1180.0
Tien_Lower,37,37,2.0,0.425,True,0.0017,10.9,9.9,1.9,5.0,22.3,101.0,0.361,0.083,1180.0
Tien_Lower,38,38,2.0,0.425,True,0.0017,10.9,9.9,1.9,5.0,22.3,101.0,0.361,0.083,1180.0
Tien_Lower,39,39,2.0,0.425,True,0.0017,10.9,9.9,1.9,5.0,22.3,101.0,0.361,0.083,1180.0
Tien_Lower,40,40,2.0,0.425,True,0.0017,10.9,9.9,1.9,5.0,22.3,101.0,0.361,0.083,1180.0
Tien_Lower,41,41,2.0,0.425,True,0.0017,10.9,9.9,1.9,5.0,22.3,101.0,0.361,0.083,1180.0
Tien_Lower,42,42,2.0,0.425,True,0.0017,10.9,9.9,1.9,5.0,22.3,101.0,0.361,0.083,1180.0
Tien_Lower,43,43,2.0,0.425,True,0.0017,10.9,9.9,1.9,5.0,22.3,101.0,0.361,0.083,1180.0
Tien_Lower,44,44,2.0,0.425,True,0.0017,10.9,9.9,1.9,5.0,22.3,101.0,0.361,0.083,1180.0
Tien_Lower,45,45,2.0,0.425,True,0.0017,10.9,9.9,1.9,5.0,22.3,101.0,0.361,0.083,1180.0
Tien_Lower,46,46,2.0,0.425,True,0.0017,10.9,9.9,1.9,5.0,22.3,101.0,0.361,0.083,1180.0
Tien_Lower,47,47,2.0,0.425,True,0.0017,10.9,9.9,1.9,5.0,22.3,101.0,0.361,0.083,1180.0
Tien_Lower,48,48,2.0,0.425,True,0.0017,10.9,9.9,1.9,5.0,22.3,101.0,0.361,0.083,1180.0
Tien_Lower,49,49,2.0,0.425,True,0.0017,10.9,9.9,1.9,5.0,22.3,101.0,0.361,0.083,1180.0
Tien_Lower,50,50,2.0,0.425,True,0.0017,10.9,9.9,1.9,5.0,22.3,101.0,0.361,0.083,1180.0
Tien_Lower,51,51,2.0,0.425,True,0.0017,10.9,9.9,1.9,5.0,22.3,101.0,0.361,0.083,1180.0
Tien_Lower,52,52,2.0,0.425,True,0.0017,10.9,9.9,1.9,5.0,22.3,101.0,0.361,0.083,1180.0
Tien_Lower,53,53,2.0,0.425,True,0.0017,10.9,9.9,1.9,5.0,22.3,101.0,0.361,0.083,1180.0
Tien_Lower,54,54,2.0,0.425,True,0.0017,10.9,9.9,1.9,5.0,22.3,101.0,0.361,0.083,1180.0
Tien_Lower,55,55,2.0,0.425,True,0.0017,10.9,9.9,1.9,5.0,22.3,101.0,0.361,0.083,1180.0
Tien_Lower,56,56,2.0,0.425,True,0.0017,10.9,9.9,1.9,5.0,22.3,101.0,0.361,0.083,1180.0
Tien_Lower,57,57,2.0,0.425,True,0.0017,10.9,9.9,1.9,5.0,22.3,101.0,0.361,0.083,1180.0
Tien_Lower,58,58,2.0,0.425,True,0.0017,10.9,9.9,1.9,5.0,22.3,101.0,0.361,0.083,1180.0
Tien_Lower,59,59,2.0,0.425,True,0.0017,10.9,9.9,1.9,5.0,22.3,101.0,0.361,0.083,1180.0
Tien_Lower,60,60,2.0,0.425,True,0.0017,10.9,9.9,1.9,5.0,22.3,101.0,0.361,0.083,1180.0
Tien_Lower,61,61,2.0,0.425,True,0.0017,10.9,9.9,1.9,5.0,22.3,101.0,0.361,0.083,1180.0
Tien_Lower,62,62,2.0,0.425,True,0.0017,10.9,9.9,1.9,5.0,22.3,101.0,0.361,0.083,1180.0
Tien_Lower,63,63,2.0,0.425,True,0.0017,10.9,9.9,1.9,5.0,22.3,101.0,0.361,0.083,1180.0
Tien_Lower,64,64,2.0,0.425,True,0.0017,10.9,9.9,1.9,5.0,22.3,101.0,0.361,0.083,1180.0
Tien_Lower,65,65,2.0,0.425,True,0.0017,10.9,9.9,1.9,5.0,22.3,101.0,0.361,0.083,1180.0
Tien_Lower,66,66,2.0,0.425,True,0.0017,10.9,9.9,1.9,5.0,22.3,101.0,0.361,0.083,1180.0
Tien_Lower,67,67,2.0,0.425,True,0.0017,10.9,9.9,1.9,5.0,22.3,101.0,0.361,0.083,1180.0
Tien_Lower,68,68,2.0,0.425,True,0.0017,10.9,9.9,1.9,5.0,22.3,101.0,0.361,0.083,1180.0
Tien_Connector,0,0,2.0,0.443,True,0.00177,10.7,9.75,1.88,4.7,21.45,102.5,0.315,0.0775,1180.0
Tien_Connector,1,1,2.0,0.443,True,0.00177,10.7,9.75,1.88,4.7,21.45,102.5,0.315,0.0775,1180.0
Tien_Connector,2,2,2.0,0.443,True,0.00177,10.7,9.75,1.88,4.7,21.45,102.5,0.315,0.0775,1180.0
Tien_Connector,3,3,2.0,0.443,True,0.00177,10.7,9.75,1.88,4.7,21.45,102.5,0.315,0.0775,1180.0
Tien_Connector,4,4,2.0,0.443,True,0.00177,10.7,9.75,1.88,4.7,21.45,102.5,0.315,0.0775,1180.0
Tien_Connector,5,5,2.0,0.443,True,0.00177,10.7,9.75,1.88,4.7,21.45,102.5,0.315,0.0775,1180.0
Tien_Connector,6,6,2.0,0.443,True,0.00177,10.7,9.75,1.88,4.7,21.45,102.5,0.315,0.0775,1180.0
Tien_Connector,7,7,2.0,0.443,True,0.00177,10.7,9.75,1.88,4.7,21.45,102.5,0.315,0.0775,1180.0
Tien_Connector,8,8,2.0,0.443,True,0.00177,10.7,9.75,1.88,4.7,21.45,102.5,0.315,0.0775,1180.0
Tien_Connector,9,9,2.0,0.443,True,0.00177,10.7,9.75,1.88,4.7,21.45,102.5,0.315,0.0775,1180.0
Tien_Connector,10,10,2.0,0.443,True,0.00177,10.7,9.75,1.88,4.7,21.45,102.5,0.315,0.0775,1180.0
Tien_Connector,11,11,2.0,0.443,True,0.00177,10.7,9.75,1.88,4.7,21.45,102.5,0.315,0.0775,1180.0
Tien_Connector,12,12,2.0,0.443,True,0.00177,10.7,9.75,1.88,4.7,21.45,102.5,0.315,0.0775,1180.0
Tien_Connector,13,13,2.0,0.443,True,0.00177,10.7,9.75,1.88,4.7,21.45,102.5,0.315,0.0775,1180.0
Tien_Connector,14,14,2.0,0.443,True,0.00177,10.7,9.75,1.88,4.7,21.45,102.5,0.315,0.0775,1180.0
Tien_Connector,15,15,2.0,0.443,True,0.00177,10.7,9.75,1.88,4.7,21.45,102.5,0.315,0.0775,1180.0
Tien_Connector,16,16,2.0,0.443,True,0.00177,10.7,9.75,1.88,4.7,21.45,102.5,0.315,0.0775,1180.0
Tien_Connector,17,17,2.0,0.443,True,0.00177,10.7,9.75,1.88,4.7,21.45,102.5,0.315,0.0775,1180.0
Tien_Connector,18,18,2.0,0.443,True,0.00177,10.7,9.75,1.88,4.7,21.45,102.5,0.315,0.0775,1180.0
Tien_Connector,19,19,2.0,0.443,True,0.00177,10.7,9.75,1.88,4.7,21.45,102.5,0.315,0.0775,1180.0
Tien_Connector,20,20,2.0,0.443,True,0.00177,10.7,9.75,1.88,4.7,21.45,102.5,0.315,0.0775,1180.0
Tien_Connector,21,21,2.0,0.443,True,0.00177,10.7,9.75,1.88,4.7,21.45,102.5,0.315,0.0775,1180.0
Tien_Connector,22,22,2.0,0.443,True,0.00177,10.7,9.75,1.88,4.7,21.45,102.5,0.315,0.0775,1180.0
Tien_Connector,23,23,2.0,0.443,True,0.00177,10.7,9.75,1.88,4.7,21.45,102.5,0.315,0.0775,1180.0
Tien_Connector,24,24,2.0,0.443,True,0.00177,10.7,9.75,1.88,4.7,21.45,102.5,0.315,0.0775,1180.0
Tien_Connector,25,25,2.0,0.443,True,0.00177,10.7,9.75,1.88,4.7,21.45,102.5,0.315,0.0775,1180.0
Tien_Connector,26,26,2.0,0.443,True,0.00177,10.7,9.75,1.88,4.7,21.45,102.5,0.315,0.0775,1180.0
Tien_Connector,27,27,2.0,0.443,True,0.00177,10.7,9.75,1.88,4.7,21.45,102.5,0.315,0.0775,1180.0
Tien_Connector,28,28,2.0,0.443,True,0.00177,10.7,9.75,1.88,4.7,21.45,102.5,0.315,0.0775,1180.0
Co_Chien,0,0,2.0,0.733,True,0.00293,11.65,3.61,2.54,6.2,29.9,144.5,0.279,0.069,1940.0
Co_Chien,1,1,2.0,0.733,True,0.00293,11.65,3.61,2.54,6.2,29.9,144.5,0.279,0.069,1940.0
Co_Chien,2,2,2.0,0.733,True,0.00293,11.65,3.61,2.54,6.2,29.9,144.5,0.279,0.069,1940.0
Co_Chien,3,3,2.0,0.733,True,0.00293,11.65,3.61,2.54,6.2,29.9,144.5,0.279,0.069,1940.0
Co_Chien,4,4,2.0,0.733,True,0.00293,11.65,3.61,2.54,6.2,29.9,144.5,0.279,0.069,1940.0
Co_Chien,5,5,2.0,0.733,True,0.00293,11.65,3.61,2.54,6.2,29.9,144.5,0.279,0.069,1940.0
Co_Chien,6,6,2.0,0.733,True,0.00293,11.65,3.61,2.54,6.2,29.9,144.5,0.279,0.069,1940.0
Co_Chien,7,7,2.0,0.733,True,0.00293,11.65,3.61,2.54,6.2,29.9,144.5,0.279,0.069,1940.0
Co_Chien,8,8,2.0,0.733,True,0.00293,11.65,3.61,2.54,6.2,29.9,144.5,0.279,0.069,1940.0
Co_Chien,9,9,2.0,0.733,True,0.00293,11.65,3.61,2.54,6.2,29.9,144.5,0.279,0.069,1940.0
Co_Chien,10,10,2.0,0.733,True,0.00293,11.65,3.61,2.54,6.2,29.9,144.5,0.279,0.069,1940.0
Co_Chien,11,11,2.0,0.733,True,0.00293,11.65,3.61,2.54,6.2,29.9,144.5,0.279,0.069,1940.0
Co_Chien,12,12,2.0,0.733,True,0.00293,11.65,3.61,2.54,6.2,29.9,144.5,0.279,0.069,1940.0
Co_Chien,13,13,2.0,0.733,True,0.00293,11.65,3.61,2.54,6.2,29.9,144.5,0.279,0.069,1940.0
Co_Chien,14,14,2.0,0.733,True,0.00293,11.65,3.61,2.54,6.2,29.9,144.5,0.279,0.069,1940.0
Co_Chien,15,15,2.0,0.733,True,0.00293,11.65,3.61,2.54,6.2,29.9,144.5,0.279,0.069,1940.0
Co_Chien,16,16,2.0,0.733,True,0.00293,11.65,3.61,2.54,6.2,29.9,144.5,0.279,0.069,1940.0
Co_Chien,17,17,2.0,0.733,True,0.00293,11.65,3.61,2.54,6.2,29.9,144.5,0.279,0.069,1940.0
Co_Chien,18,18,2.0,0.733,True,0.00293,11.65,3.61,2.54,6.2,29.9,144.5,0.279,0.069,1940.0
Co_Chien,19,19,2.0,0.733,True,0.00293,11.65,3.61,2.54,6.2,29.9,144.5,0.279,0.069,1940.0
Co_Chien,20,20,2.0,0.733,True,0.00293,11.65,3.61,2.54,6.2,29.9,144.5,0.279,0.069,1940.0
Co_Chien,21,21,2.0,0.733,True,0.00293,11.65,3.61,2.54,6.2,29.9,144.5,0.279,0.069,1940.0
Co_Chien,22,22,2.0,0.733,True,0.00293,11.65,3.61,2.54,6.2,29.9,144.5,0.279,0.069,1940.0
Co_Chien,23,23,2.0,0.733,True,0.00293,11.65,3.61,2.54,6.2,29.9,144.5,0.279,0.069,1940.0
Co_Chien,24,24,2.0,0.733,True,0.00293,11.65,3.61,2.54,6.2,29.9,144.5,0.279,0.069,1940.0
Co_Chien,25,25,2.0,0.64,True,0.00256,11.4,5.64,2.29,5.7,27.05,130.0,0.293,0.072,1680.0
Co_Chien,26,26,2.0,0.64,True,0.00256,11.4,5.64,2.29,5.7,27.05,130.0,0.293,0.072,1680.0
Co_Chien,27,27,2.0,0.64,True,0.00256,11.4,5.64,2.29,5.7,27.05,130.0,0.293,0.072,1680.0
Co_Chien,28,28,2.0,0.64,True,0.00256,11.4,5.64,2.29,5.7,27.05,130.0,0.293,0.072,1680.0
Co_Chien,29,29,2.0,0.64,True,0.00256,11.4,5.64,2.29,5.7,27.05,130.0,0.293,0.072,1680.0
Co_Chien,30,30,2.0,0.64,True,0.00256,11.4,5.64,2.29,5.7,27.05,130.0,0.293,0.072,1680.0
Co_Chien,31,31,2.0,0.64,True,0.00256,11.4,5.64,2.29,5.7,27.05,130.0,0.293,0.072,1680.0
Co_Chien,32,32,2.0,0.64,True,0.00256,11.4,5.64,2.29,5.7,27.05,130.0,0.293,0.072,1680.0
Co_Chien,33,33,2.0,0.64,True,0.00256,11.4,5.64,2.29,5.7,27.05,130.0,0.293,0.072,1680.0
Co_Chien,34,34,2.0,0.64,True,0.00256,11.4,5.64,2.29,5.7,27.05,130.0,0.293,0.072,1680.0
Co_Chien,35,35,2.0,0.64,True,0.00256,11.4,5.64,2.29,5.7,27.05,130.0,0.293,0.072,1680.0
Co_Chien,36,36,2.0,0.64,True,0.00256,11.4,5.64,2.29,5.7,27.05,130.0,0.293,0.072,1680.0
Co_Chien,37,37,2.0,0.64,True,0.00256,11.4,5.64,2.29,5.7,27.05,130.0,0.293,0.072,1680.0
Co_Chien,38,38,2.0,0.64,True,0.00256,11.4,5.64,2.29,5.7,27.05,130.0,0.293,0.072,1680.0
Co_Chien,39,39,2.0,0.64,True,0.00256,11.4,5.64,2.29,5.7,27.05,130.0,0.293,0.072,1680.0
Co_Chien,40,40,2.0,0.64,True,0.00256,11.4,5.64,2.29,5.7,27.05,130.0,0.293,0.072,1680.0
Co_Chien,41,41,2.0,0.64,True,0.00256,11.4,5.64,2.29,5.7,27.05,130.0,0.293,0.072,1680.0
Co_Chien,42,42,2.0,0.64,True,0.00256,11.4,5.64,2.29,5.7,27.05,130.0,0.293,0.072,1680.0
Co_Chien,43,43,2.0,0.64,True,0.00256,11.4,5.64,2.29,5.7,27.05,130.0,0.293,0.072,1680.0
Co_Chien,44,44,2.0,0.64,True,0.00256,11.4,5.64,2.29,5.7,27.05,130.0,0.293,0.072,1680.0
Co_Chien,45,45,2.0,0.64,True,0.00256,11.4,5.64,2.29,5.7,27.05,130.0,0.293,0.072,1680.0
Co_Chien,46,46,2.0,0.64,True,0.00256,11.4,5.64,2.29,5.7,27.05,130.0,0.293,0.072,1680.0
Co_Chien,47,47,2.0,0.64,True,0.00256,11.4,5.64,2.29,5.7,27.05,130.0,0.293,0.072,1680.0
Co_Chien,48,48,2.0,0.64,True,0.00256,11.4,5.64,2.29,5.7,27.05,130.0,0.293,0.072,1680.0
Co_Chien,49,49,2.0,0.64,True,0.00256,11.4,5.64,2.29,5.7,27.05,130.0,0.293,0.072,1680.0
Co_Chien,50,50,2.0,0.562,False,0.00225,11.67,7.76,2.11,4.9,22.5,121.5,0.2585,0.0713,1380.0
Co_Chien,51,51,2.0,0.562,False,0.00225,11.67,7.76,2.11,4.9,22.5,121.5,0.2585,0.0713,1380.0
Co_Chien,52,52,2.0,0.562,False,0.00225,11.67,7.76,2.11,4.9,22.5,121.5,0.2585,0.0713,1380.0
Co_Chien,53,53,2.0,0.562,False,0.00225,11.67,7.76,2.11,4.9,22.5,121.5,0.2585,0.0713,1380.0
Co_Chien,54,54,2.0,0.562,False,0.00225,11.67,7.76,2.11,4.9,22.5,121.5,0.2585,0.0713,1380.0
Co_Chien,55,55,2.0,0.562,False,0.00225,11.67,7.76,2.11,4.9,22.5,121.5,0.2585,0.0713,1380.0
Co_Chien,56,56,2.0,0.562,False,0.00225,11.67,7.76,2.11,4.9,22.5,121.5,0.2585,0.0713,1380.0
Co_Chien,57,57,2.0,0.562,False,0.00225,11.67,7.76,2.11,4.9,22.5,121.5,0.2585,0.0713,1380.0
Co_Chien,58,58,2.0,0.562,False,0.00225,11.67,7.76,2.11,4.9,22.5,121.5,0.2585,0.0713,1380.0
Co_Chien,59,59,2.0,0.562,False,0.00225,11.67,7.76,2.11,4.9,22.5,121.5,0.2585,0.0713,1380.0
Co_Chien,60,60,2.0,0.562,False,0.00225,11.67,7.76,2.11,4.9,22.5,121.5,0.2585,0.0713,1380.0
Co_Chien,61,61,2.0,0.562,False,0.00225,11.67,7.76,2.11,4.9,22.5,121.5,0.2585,0.0713,1380.0
Co_Chien,62,62,2.0,0.562,False,0.00225,11.67,7.76,2.11,4.9,22.5,121.5,0.2585,0.0713,1380.0
Co_Chien,63,63,2.0,0.562,False,0.00225,11.67,7.76,2.11,4.9,22.5,121.5,0.2585,0.0713,1380.0
Co_Chien,64,64,2.0,0.562,False,0.00225,11.67,7.76,2.11,4.9,22.5,121.5,0.2585,0.0713,1380.0
Co_Chien,65,65,2.0,0.562,False,0.00225,11.67,7.76,2.11,4.9,22.5,121.5,0.2585,0.0713,1380.0
Co_Chien,66,66,2.0,0.562,False,0.00225,11.67,7.76,2.11,4.9,22.5,121.5,0.2585,0.0713,1380.0
Co_Chien,67,67,2.0,0.562,False,0.00225,11.67,7.76,2.11,4.9,22.5,121.5,0.2585,0.0713,1380.0
Co_Chien,68,68,2.0,0.562,False,0.00225,11.67,7.76,2.11,4.9,22.5,121.5,0.2585,0.0713,1380.0
Co_Chien,69,69,2.0,0.562,False,0.00225,11.67,7.76,2.11,4.9,22.5,121.5,0.2585,0.0713,1380.0
Co_Chien,70,70,2.0,0.562,False,0.00225,11.67,7.76,2.11,4.9,22.5,121.5,0.2585,0.0713,1380.0
Co_Chien,71,71,2.0,0.562,False,0.00225,11.67,7.76,2.11,4.9,22.5,121.5,0.2585,0.0713,1380.0
Co_Chien,72,72,2.0,0.562,False,0.00225,11.67,7.76,2.11,4.9,22.5,121.5,0.2585,0.0713,1380.0
Co_Chien,73,73,2.0,0.562,False,0.00225,11.67,7.76,2.11,4.9,22.5,121.5,0.2585,0.0713,1380.0
Co_Chien,74,74,2.0,0.562,False,0.00225,11.67,7.76,2.11,4.9,22.5,121.5,0.2585,0.0713,1380.0
Co_Chien,75,75,2.0,0.43,True,0.00172,10.5,9.8,1.95,4.7,21.55,104.0,0.309,0.077,1200.0
Co_Chien,76,76,2.0,0.43,True,0.00172,10.5,9.8,1.95,4.7,21.55,104.0,0.309,0.077,1200.0
Co_Chien,77,77,2.0,0.43,True,0.00172,10.5,9.8,1.95,4.7,21.55,104.0,0.309,0.077,1200.0
Co_Chien,78,78,2.0,0.43,True,0.00172,10.5,9.8,1.95,4.7,21.55,104.0,0.309,0.077,1200.0
Co_Chien,79,79,2.0,0.43,True,0.00172,10.5,9.8,1.95,4.7,21.55,104.0,0.309,0.077,1200.0
Co_Chien,80,80,2.0,0.43,True,0.00172,10.5,9.8,1.95,4.7,21.55,104.0,0.309,0.077,1200.0
Co_Chien,81,81,2.0,0.43,True,0.00172,10.5,9.8,1.95,4.7,21.55,104.0,0.309,0.077,1200.0
Co_Chien,82,82,2.0,0.43,True,0.00172,10.5,9.8,1.95,4.7,21.55,104.0,0.309,0.077,1200.0
Co_Chien,83,83,2.0,0.43,True,0.00172,10.5,9.8,1.95,4.7,21.55,104.0,0.309,0.077,1200.0
Co_Chien,84,84,2.0,0.43,True,0.00172,10.5,9.8,1.95,4.7,21.55,104.0,0.309,0.077,1200.0
Co_Chien,85,85,2.0,0.43,True,0.00172,10.5,9.8,1.95,4.7,21.55,104.0,0.309,0.077,1200.0
Co_Chien,86,86,2.0,0.43,True,0.00172,10.5,9.8,1.95,4.7,21.55,104.0,0.309,0.077,1200.0
Co_Chien,87,87,2.0,0.43,True,0.00172,10.5,9.8,1.95,4.7,21.55,104.0,0.309,0.077,1200.0
Co_Chien,88,88,2.0,0.43,True,0.00172,10.5,9.8,1.95,4.7,21.55,104.0,0.309,0.077,1200.0
Co_Chien,89,89,2.0,0.43,True,0.00172,10.5,9.8,1.95,4.7,21.55,104.0,0.309,0.077,1200.0
Co_Chien,90,90,2.0,0.43,True,0.00172,10.5,9.8,1.95,4.7,21.55,104.0,0.309,0.077,1200.0
Co_Chien,91,91,2.0,0.43,True,0.00172,10.5,9.8,1.95,4.7,21.55,104.0,0.309,0.077,1200.0
Co_Chien,92,92,2.0,0.43,True,0.00172,10.5,9.8,1.95,4.7,21.55,104.0,0.309,0.077,1200.0
Co_Chien,93,93,2.0,0.43,True,0.00172,10.5,9.8,1.95,4.7,21.55,104.0,0.309,0.077,1200.0
Co_Chien,94,94,2.0,0.43,True,0.00172,10.5,9.8,1.95,4.7,21.55,104.0,0.309,0.077,1200.0
Co_Chien,95,95,2.0,0.43,True,0.00172,10.5,9.8,1.95,4.7,21.55,104.0,0.309,0.077,1200.0
Co_Chien,96,96,2.0,0.43,True,0.00172,10.5,9.8,1.95,4.7,21.55,104.0,0.309,0.077,1200.0
Co_Chien,97,97,2.0,0.43,True,0.00172,10.5,9.8,1.95,4.7,21.55,104.0,0.309,0.077,1200.0
Co_Chien,98,98,2.0,0.43,True,0.00172,10.5,9.8,1.95,4.7,21.55,104.0,0.309,0.077,1200.0
My_Tho,0,0,2.0,0.69,False,0.00276,10.25,4.66,2.11,5.5,28.05,126.0,0.253,0.0635,1780.0
My_Tho,1,1,2.0,0.69,False,0.00276,10.25,4.66,2.11,5.5,28.05,126.0,0.253,0.0635,1780.0
My_Tho,2,2,2.0,0.69,False,0.00276,10.25,4.66,2.11,5.5,28.05,126.0,0.253,0.0635,1780.0
My_Tho,3,3,2.0,0.69,False,0.00276,10.25,4.66,2.11,5.5,28.05,126.0,0.253,0.0635,1780.0
My_Tho,4,4,2.0,0.69,False,0.00276,10.25,4.66,2.11,5.5,28.05,126.0,0.253,0.0635,1780.0
My_Tho,5,5,2.0,0.69,False,0.00276,10.25,4.66,2.11,5.5,28.05,126.0,0.253,0.0635,1780.0
My_Tho,6,6,2.0,0.69,False,0.00276,10.25,4.66,2.11,5.5,28.05,126.0,0.253,0.0635,1780.0
My_Tho,7,7,2.0,0.69,False,0.00276,10.25,4.66,2.11,5.5,28.05,126.0,0.253,0.0635,1780.0
My_Tho,8,8,2.0,0.69,False,0.00276,10.25,4.66,2.11,5.5,28.05,126.0,0.253,0.0635,1780.0
My_Tho,9,9,2.0,0.69,False,0.00276,10.25,4.66,2.11,5.5,28.05,126.0,0.253,0.0635,1780.0
My_Tho,10,10,2.0,0.69,False,0.00276,10.25,4.66,2.11,5.5,28.05,126.0,0.253,0.0635,1780.0
My_Tho,11,11,2.0,0.69,False,0.00276,10.25,4.66,2.11,5.5,28.05,126.0,0.253,0.0635,1780.0
My_Tho,12,12,2.0,0.69,False,0.00276,10.25,4.66,2.11,5.5,28.05,126.0,0.253,0.0635,1780.0
My_Tho,13,13,2.0,0.69,False,0.00276,10.25,4.66,2.11,5.5,28.05,126.0,0.253,0.0635,1780.0
My_Tho,14,14,2.0,0.69,False,0.00276,10.25,4.66,2.11,5.5,28.05,126.0,0.253,0.0635,1780.0
My_Tho,15,15,2.0,0.69,False,0.00276,10.25,4.66,2.11,5.5,28.05,126.0,0.253,0.0635,1780.0
My_Tho,16,16,2.0,0.69,False,0.00276,10.25,4.66,2.11,5.5,28.05,126.0,0.253,0.0635,1780.0
My_Tho,17,17,2.0,0.69,False,0.00276,10.25,4.66,2.11,5.5,28.05,126.0,0.253,0.0635,1780.0
My_Tho,18,18,2.0,0.69,False,0.00276,10.25,4.66,2.11,5.5,28.05,126.0,0.253,0.0635,1780.0
My_Tho,19,19,2.0,0.69,False,0.00276,10.25,4.66,2.11,5.5,28.05,126.0,0.253,0.0635,1780.0
My_Tho,20,20,2.0,0.643,False,0.00257,12.55,7.35,2.0,4.2,19.4,128.5,0.1535,0.0605,1310.0
My_Tho,21,21,2.0,0.643,False,0.00257,12.55,7.35,2.0,4.2,19.4,128.5,0.1535,0.0605,1310.0
My_Tho,22,22,2.0,0.643,False,0.00257,12.55,7.35,2.0,4.2,19.4,128.5,0.1535,0.0605,1310.0
My_Tho,23,23,2.0,0.643,False,0.00257,12.55,7.35,2.0,4.2,19.4,128.5,0.1535,0.0605,1310.0
My_Tho,24,24,2.0,0.643,False,0.00257,12.55,7.35,2.0,4.2,19.4,128.5,0.1535,0.0605,1310.0
My_Tho,25,25,2.0,0.643,False,0.00257,12.55,7.35,2.0,4.2,19.4,128.5,0.1535,0.0605,1310.0
My_Tho,26,26,2.0,0.643,False,0.00257,12.55,7.35,2.0,4.2,19.4,128.5,0.1535,0.0605,1310.0
My_Tho,27,27,2.0,0.643,False,0.00257,12.55,7.35,2.0,4.2,19.4,128.5,0.1535,0.0605,1310.0
My_Tho,28,28,2.0,0.643,False,0.00257,12.55,7.35,2.0,4.2,19.4,128.5,0.1535,0.0605,1310.0
My_Tho,29,29,2.0,0.643,False,0.00257,12.55,7.35,2.0,4.2,19.4,128.5,0.1535,0.0605,1310.0
My_Tho,30,30,2.0,0.643,False,0.00257,12.55,7.35,2.0,4.2,19.4,128.5,0.1535,0.0605,1310.0
My_Tho,31,31,2.0,0.643,False,0.00257,12.55,7.35,2.0,4.2,19.4,128.5,0.1535,0.0605,1310.0
My_Tho,32,32,2.0,0.643,False,0.00257,12.55,7.35,2.0,4.2,19.4,128.5,0.1535,0.0605,1310.0
My_Tho,33,33,2.0,0.643,False,0.00257,12.55,7.35,2.0,4.2,19.4,128.5,0.1535,0.0605,1310.0
My_Tho,34,34,2.0,0.643,False,0.00257,12.55,7.35,2.0,4.2,19.4,128.5,0.1535,0.0605,1310.0
My_Tho,35,35,2.0,0.643,False,0.00257,12.55,7.35,2.0,4.2,19.4,128.5,0.1535,0.0605,1310.0
My_Tho,36,36,2.0,0.643,False,0.00257,12.55,7.35,2.0,4.2,19.4,128.5,0.1535,0.0605,1310.0
My_Tho,37,37,2.0,0.643,False,0.00257,12.55,7.35,2.0,4.2,19.4,128.5,0.1535,0.0605,1310.0
My_Tho,38,38,2.0,0.643,False,0.00257,12.55,7.35,2.0,4.2,19.4,128.5,0.1535,0.0605,1310.0
My_Tho,39,39,2.0,0.643,False,0.00257,12.55,7.35,2.0,4.2,19.4,128.5,0.1535,0.0605,1310.0
My_Tho,40,40,2.0,0.385,False,0.00154,8.1,10.7,1.7,3.4,18.3,93.0,0.173,0.059,1100.0
My_Tho,41,41,2.0,0.385,False,0.00154,8.1,10.7,1.7,3.4,18.3,93.0,0.173,0.059,1100.0
My_Tho,42,42,2.0,0.385,False,0.00154,8.1,10.7,1.7,3.4,18.3,93.0,0.173,0.059,1100.0
My_Tho,43,43,2.0,0.385,False,0.00154,8.1,10.7,1.7,3.4,18.3,93.0,0.173,0.059,1100.0
My_Tho,44,44,2.0,0.385,False,0.00154,8.1,10.7,1.7,3.4,18.3,93.0,0.173,0.059,1100.0
My_Tho,45,45,2.0,0.385,False,0.00154,8.1,10.7,1.7,3.4,18.3,93.0,0.173,0.059,1100.0
My_Tho,46,46,2.0,0.385,False,0.00154,8.1,10.7,1.7,3.4,18.3,93.0,0.173,0.059,1100.0
My_Tho,47,47,2.0,0.385,False,0.00154,8.1,10.7,1.7,3.4,18.3,93.0,0.173,0.059,1100.0
My_Tho,48,48,2.0,0.385,False,0.00154,8.1,10.7,1.7,3.4,18.3,93.0,0.173,0.059,1100.0
My_Tho,49,49,2.0,0.385,False,0.00154,8.1,10.7,1.7,3.4,18.3,93.0,0.173,0.059,1100.0
My_Tho,50,50,2.0,0.385,False,0.00154,8.1,10.7,1.7,3.4,18.3,93.0,0.173,0.059,1100.0
My_Tho,51,51,2.0,0.385,False,0.00154,8.1,10.7,1.7,3.4,18.3,93.0,0.173,0.059,1100.0
My_Tho,52,52,2.0,0.385,False,0.00154,8.1,10.7,1.7,3.4,18.3,93.0,0.173,0.059,1100.0
My_Tho,53,53,2.0,0.385,False,0.00154,8.1,10.7,1.7,3.4,18.3,93.0,0.173,0.059,1100.0
My_Tho,54,54,2.0,0.385,False,0.00154,8.1,10.7,1.7,3.4,18.3,93.0,0.173,0.059,1100.0
My_Tho,55,55,2.0,0.432,False,0.00173,10.0,9.95,1.82,4.3,20.45,100.5,0.268,0.0715,1160.0
My_Tho,56,56,2.0,0.432,False,0.00173,10.0,9.95,1.82,4.3,20.45,100.5,0.268,0.0715,1160.0
My_Tho,57,57,2.0,0.432,False,0.00173,10.0,9.95,1.82,4.3,20.45,100.5,0.268,0.0715,1160.0
My_Tho,58,58,2.0,0.432,False,0.00173,10.0,9.95,1.82,4.3,20.45,100.5,0.268,0.0715,1160.0
My_Tho,59,59,2.0,0.432,False,0.00173,10.0,9.95,1.82,4.3,20.45,100.5,0.268,0.0715,1160.0
My_Tho,60,60,2.0,0.432,False,0.00173,10.0,9.95,1.82,4.3,20.45,100.5,0.268,0.0715,1160.0
My_Tho,61,61,2.0,0.432,False,0.00173,10.0,9.95,1.82,4.3,20.45,100.5,0.268,0.0715,1160.0
My_Tho,62,62,2.0,0.432,False,0.00173,10.0,9.95,1.82,4.3,20.45,100.5,0.268,0.0715,1160.0
My_Tho,63,63,2.0,0.432,False,0.00173,10.0,9.95,1.82,4.3,20.45,100.5,0.268,0.0715,1160.0
My_Tho,64,64,2.0,0.432,False,0.00173,10.0,9.95,1.82,4.3,20.45,100.5,0.268,0.0715,1160.0
My_Tho,65,65,2.0,0.432,False,0.00173,10.0,9.95,1.82,4.3,20.45,100.5,0.268,0.0715,1160.0
My_Tho,66,66,2.0,0.432,False,0.00173,10.0,9.95,1.82,4.3,20.45,100.5,0.268,0.0715,1160.0
My_Tho,67,67,2.0,0.432,False,0.00173,10.0,9.95,1.82,4.3,20.45,100.5,0.268,0.0715,1160.0
My_Tho,68,68,2.0,0.432,False,0.00173,10.0,9.95,1.82,4.3,20.45,100.5,0.268,0.0715,1160.0
My_Tho,69,69,2.0,0.432,False,0.00173,10.0,9.95,1.82,4.3,20.45,100.5,0.268,0.0715,1160.0
My_Tho,70,70,2.0,0.432,False,0.00173,10.0,9.95,1.82,4.3,20.45,100.5,0.268,0.0715,1160.0
My_Tho,71,71,2.0,0.432,False,0.00173,10.0,9.95,1.82,4.3,20.45,100.5,0.268,0.0715,1160.0
My_Tho,72,72,2.0,0.432,False,0.00173,10.0,9.95,1.82,4.3,20.45,100.5,0.268,0.0715,1160.0
Ham_Luong,0,0,2.0,0.738,False,0.00295,9.6,3.53,2.06,5.7,30.15,125.5,0.254,0.0605,1920.0
Ham_Luong,1,1,2.0,0.738,False,0.00295,9.6,3.53,2.06,5.7,30.15,125.5,0.254,0.0605,1920.0
Ham_Luong,2,2,2.0,0.738,False,0.00295,9.6,3.53,2.06,5.7,30.15,125.5,0.254,0.0605,1920.0
Ham_Luong,3,3,2.0,0.738,False,0.00295,9.6,3.53,2.06,5.7,30.15,125.5,0.254,0.0605,1920.0
Ham_Luong,4,4,2.0,0.738,False,0.00295,9.6,3.53,2.06,5.7,30.15,125.5,0.254,0.0605,1920.0
Ham_Luong,5,5,2.0,0.738,False,0.00295,9.6,3.53,2.06,5.7,30.15,125.5,0.254,0.0605,1920.0
Ham_Luong,6,6,2.0,0.738,False,0.00295,9.6,3.53,2.06,5.7,30.15,125.5,0.254,0.0605,1920.0
Ham_Luong,7,7,2.0,0.738,False,0.00295,9.6,3.53,2.06,5.7,30.15,125.5,0.254,0.0605,1920.0
Ham_Luong,8,8,2.0,0.738,False,0.00295,9.6,3.53,2.06,5.7,30.15,125.5,0.254,0.0605,1920.0
Ham_Luong,9,9,2.0,0.738,False,0.00295,9.6,3.53,2.06,5.7,30.15,125.5,0.254,0.0605,1920.0
Ham_Luong,10,10,2.0,0.738,False,0.00295,9.6,3.53,2.06,5.7,30.15,125.5,0.254,0.0605,1920.0
Ham_Luong,11,11,2.0,0.738,False,0.00295,9.6,3.53,2.06,5.7,30.15,125.5,0.254,0.0605,1920.0
Ham_Luong,12,12,2.0,0.738,False,0.00295,9.6,3.53,2.06,5.7,30.15,125.5,0.254,0.0605,1920.0
Ham_Luong,13,13,2.0,0.738,False,0.00295,9.6,3.53,2.06,5.7,30.15,125.5,0.254,0.0605,1920.0
Ham_Luong,14,14,2.0,0.738,False,0.00295,9.6,3.53,2.06,5.7,30.15,125.5,0.254,0.0605,1920.0
Ham_Luong,15,15,2.0,0.738,False,0.00295,9.6,3.53,2.06,5.7,30.15,125.5,0.254,0.0605,1920.0
Ham_Luong,16,16,2.0,0.738,False,0.00295,9.6,3.53,2.06,5.7,30.15,125.5,0.254,0.0605,1920.0
Ham_Luong,17,17,2.0,0.738,False,0.00295,9.6,3.53,2.06,5.7,30.15,125.5,0.254,0.0605,1920.0
Ham_Luong,18,18,2.0,0.738,False,0.00295,9.6,3.53,2.06,5.7,30.15,125.5,0.254,0.0605,1920.0
Ham_Luong,19,19,2.0,0.738,False,0.00295,9.6,3.53,2.06,5.7,30.15,125.5,0.254,0.0605,1920.0
Ham_Luong,20,20,2.0,0.738,False,0.00295,9.6,3.53,2.06,5.7,30.15,125.5,0.254,0.0605,1920.0
Ham_Luong,21,21,2.0,0.738,False,0.00295,9.6,3.53,2.06,5.7,30.15,125.5,0.254,0.0605,1920.0
Ham_Luong,22,22,2.0,0.738,False,0.00295,9.6,3.53,2.06,5.7,30.15,125.5,0.254,0.0605,1920.0
Ham_Luong,23,23,2.0,0.738,False,0.00295,9.6,3.53,2.06,5.7,30.15,125.5,0.254,0.0605,1920.0
Ham_Luong,24,24,2.0,0.738,False,0.00295,9.6,3.53,2.06,5.7,30.15,125.5,0.254,0.0605,1920.0
Ham_Luong,25,25,2.0,0.61,False,0.00244,11.48,7.41,1.99,4.3,20.7,123.0,0.1725,0.0608,1360.0
Ham_Luong,26,26,2.0,0.61,False,0.00244,11.48,7.41,1.99,4.3,20.7,123.0,0.1725,0.0608,1360.0
Ham_Luong,27,27,2.0,0.61,False,0.00244,11.48,7.41,1.99,4.3,20.7,123.0,0.1725,0.0608,1360.0
Ham_Luong,28,28,2.0,0.61,False,0.00244,11.48,7.41,1.99,4.3,20.7,123.0,0.1725,0.0608,1360.0
Ham_Luong,29,29,2.0,0.61,False,0.00244,11.48,7.41,1.99,4.3,20.7,123.0,0.1725,0.0608,1360.0
Ham_Luong,30,30,2.0,0.61,False,0.00244,11.48,7.41,1.99,4.3,20.7,123.0,0.1725,0.0608,1360.0
Ham_Luong,31,31,2.0,0.61,False,0.00244,11.48,7.41,1.99,4.3,20.7,123.0,0.1725,0.0608,1360.0
Ham_Luong,32,32,2.0,0.61,False,0.00244,11.48,7.41,1.99,4.3,20.7,123.0,0.1725,0.0608,1360.0
Ham_Luong,33,33,2.0,0.61,False,0.00244,11.48,7.41,1.99,4.3,20.7,123.0,0.1725,0.0608,1360.0
Ham_Luong,34,34,2.0,0.61,False,0.00244,11.48,7.41,1.99,4.3,20.7,123.0,0.1725,0.0608,1360.0
Ham_Luong,35,35,2.0,0.61,False,0.00244,11.48,7.41,1.99,4.3,20.7,123.0,0.1725,0.0608,1360.0
Ham_Luong,36,36,2.0,0.61,False,0.00244,11.48,7.41,1.99,4.3,20.7,123.0,0.1725,0.0608,1360.0
Ham_Luong,37,37,2.0,0.61,False,0.00244,11.48,7.41,1.99,4.3,20.7,123.0,0.1725,0.0608,1360.0
Ham_Luong,38,38,2.0,0.61,False,0.00244,11.48,7.41,1.99,4.3,20.7,123.0,0.1725,0.0608,1360.0
Ham_Luong,39,39,2.0,0.61,False,0.00244,11.48,7.41,1.99,4.3,20.7,123.0,0.1725,0.0608,1360.0
Ham_Luong,40,40,2.0,0.61,False,0.00244,11.48,7.41,1.99,4.3,20.7,123.0,0.1725,0.0608,1360.0
Ham_Luong,41,41,2.0,0.61,False,0.00244,11.48,7.41,1.99,4.3,20.7,123.0,0.1725,0.0608,1360.0
Ham_Luong,42,42,2.0,0.61,False,0.00244,11.48,7.41,1.99,4.3,20.7,123.0,0.1725,0.0608,1360.0
Ham_Luong,43,43,2.0,0.61,False,0.00244,11.48,7.41,1.99,4.3,20.7,123.0,0.1725,0.0608,1360.0
Ham_Luong,44,44,2.0,0.61,False,0.00244,11.48,7.41,1.99,4.3,20.7,123.0,0.1725,0.0608,1360.0
Ham_Luong,45,45,2.0,0.348,False,0.00139,6.9,11.25,1.62,2.9,17.15,87.5,0.125,0.0525,1060.0
Ham_Luong,46,46,2.0,0.348,False,0.00139,6.9,11.25,1.62,2.9,17.15,87.5,0.125,0.0525,1060.0
Ham_Luong,47,47,2.0,0.348,False,0.00139,6.9,11.25,1.62,2.9,17.15,87.5,0.125,0.0525,1060.0
Ham_Luong,48,48,2.0,0.348,False,0.00139,6.9,11.25,1.62,2.9,17.15,87.5,0.125,0.0525,1060.0
Ham_Luong,49,49,2.0,0.348,False,0.00139,6.9,11.25,1.62,2.9,17.15,87.5,0.125,0.0525,1060.0
Ham_Luong,50,50,2.0,0.348,False,0.00139,6.9,11.25,1.62,2.9,17.15,87.5,0.125,0.0525,1060.0
Ham_Luong,51,51,2.0,0.348,False,0.00139,6.9,11.25,1.62,2.9,17.15,87.5,0.125,0.0525,1060.0
Ham_Luong,52,52,2.0,0.348,False,0.00139,6.9,11.25,1.62,2.9,17.15,87.5,0.125,0.0525,1060.0
Ham_Luong,53,53,2.0,0.348,False,0.00139,6.9,11.25,1.62,2.9,17.15,87.5,0.125,0.0525,1060.0
Ham_Luong,54,54,2.0,0.348,False,0.00139,6.9,11.25,1.62,2.9,17.15,87.5,0.125,0.0525,1060.0
Ham_Luong,55,55,2.0,0.348,False,0.00139,6.9,11.25,1.62,2.9,17.15,87.5,0.125,0.0525,1060.0
Ham_Luong,56,56,2.0,0.348,False,0.00139,6.9,11.25,1.62,2.9,17.15,87.5,0.125,0.0525,1060.0
Ham_Luong,57,57,2.0,0.348,False,0.00139,6.9,11.25,1.62,2.9,17.15,87.5,0.125,0.0525,1060.0
Ham_Luong,58,58,2.0,0.348,False,0.00139,6.9,11.25,1.62,2.9,17.15,87.5,0.125,0.0525,1060.0
Ham_Luong,59,59,2.0,0.348,False,0.00139,6.9,11.25,1.62,2.9,17.15,87.5,0.125,0.0525,1060.0
Ham_Luong,60,60,2.0,0.348,False,0.00139,6.9,11.25,1.62,2.9,17.15,87.5,0.125,0.0525,1060.0
Ham_Luong,61,61,2.0,0.348,False,0.00139,6.9,11.25,1.62,2.9,17.15,87.5,0.125,0.0525,1060.0
Ham_Luong,62,62,2.0,0.348,False,0.00139,6.9,11.25,1.62,2.9,17.15,87.5,0.125,0.0525,1060.0
Ham_Luong,63,63,2.0,0.348,False,0.00139,6.9,11.25,1.62,2.9,17.15,87.5,0.125,0.0525,1060.0
Ham_Luong,64,64,2.0,0.348,False,0.00139,6.9,11.25,1.62,2.9,17.15,87.5,0.125,0.0525,1060.0
Ham_Luong,65,65,2.0,0.348,False,0.00139,6.9,11.25,1.62,2.9,17.15,87.5,0.125,0.0525,1060.0
Ham_Luong,66,66,2.0,0.348,False,0.00139,6.9,11.25,1.62,2.9,17.15,87.5,0.125,0.0525,1060.0
Ham_Luong,67,67,2.0,0.348,False,0.00139,6.9,11.25,1.62,2.9,17.15,87.5,0.125,0.0525,1060.0
Ham_Luong,68,68,2.0,0.348,False,0.00139,6.9,11.25,1.62,2.9,17.15,87.5,0.125,0.0525,1060.0
Ham_Luong,69,69,2.0,0.348,False,0.00139,6.9,11.25,1.62,2.9,17.15,87.5,0.125,0.0525,1060.0
Ham_Luong,70,70,2.0,0.348,False,0.00139,6.9,11.25,1.62,2.9,17.15,87.5,0.125,0.0525,1060.0
Ham_Luong,71,71,2.0,0.348,False,0.00139,6.9,11.25,1.62,2.9,17.15,87.5,0.125,0.0525,1060.0
Ham_Luong,72,72,2.0,0.348,False,0.00139,6.9,11.25,1.62,2.9,17.15,87.5,0.125,0.0525,1060.0
Ham_Luong,73,73,2.0,0.348,False,0.00139,6.9,11.25,1.62,2.9,17.15,87.5,0.125,0.0525,1060.0
Ham_Luong,74,74,2.0,0.348,False,0.00139,6.9,11.25,1.62,2.9,17.15,87.5,0.125,0.0525,1060.0
Ham_Luong,75,75,2.0,0.348,False,0.00139,6.9,11.25,1.62,2.9,17.15,87.5,0.125,0.0525,1060.0
Ham_Luong,76,76,2.0,0.348,False,0.00139,6.9,11.25,1.62,2.9,17.15,87.5,0.125,0.0525,1060.0
Hau_River,0,0,2.0,0.728,True,0.00291,10.48,3.72,2.25,5.9,29.9,132.5,0.269,0.0648,1910.0
Hau_River,1,1,2.0,0.728,True,0.00291,10.48,3.72,2.25,5.9,29.9,132.5,0.269,0.0648,1910.0
Hau_River,2,2,2.0,0.728,True,0.00291,10.48,3.72,2.25,5.9,29.9,132.5,0.269,0.0648,1910.0
Hau_River,3,3,2.0,0.728,True,0.00291,10.48,3.72,2.25,5.9,29.9,132.5,0.269,0.0648,1910.0
Hau_River,4,4,2.0,0.728,True,0.00291,10.48,3.72,2.25,5.9,29.9,132.5,0.269,0.0648,1910.0
Hau_River,5,5,2.0,0.728,True,0.00291,10.48,3.72,2.25,5.9,29.9,132.5,0.269,0.0648,1910.0
Hau_River,6,6,2.0,0.728,True,0.00291,10.48,3.72,2.25,5.9,29.9,132.5,0.269,0.0648,1910.0
Hau_River,7,7,2.0,0.728,True,0.00291,10.48,3.72,2.25,5.9,29.9,132.5,0.269,0.0648,1910.0
Hau_River,8,8,2.0,0.728,True,0.00291,10.48,3.72,2.25,5.9,29.9,132.5,0.269,0.0648,1910.0
Hau_River,9,9,2.0,0.728,True,0.00291,10.48,3.72,2.25,5.9,29.9,132.5,0.269,0.0648,1910.0
Hau_River,10,10,2.0,0.728,True,0.00291,10.48,3.72,2.25,5.9,29.9,132.5,0.269,0.0648,1910.0
Hau_River,11,11,2.0,0.728,True,0.00291,10.48,3.72,2.25,5.9,29.9,132.5,0.269,0.0648,1910.0
Hau_River,12,12,2.0,0.728,True,0.00291,10.48,3.72,2.25,5.9,29.9,132.5,0.269,0.0648,1910.0
Hau_River,13,13,2.0,0.728,True,0.00291,10.48,3.72,2.25,5.9,29.9,132.5,0.269,0.0648,1910.0
Hau_River,14,14,2.0,0.728,True,0.00291,10.48,3.72,2.25,5.9,29.9,132.5,0.269,0.0648,1910.0
Hau_River,15,15,2.0,0.728,True,0.00291,10.48,3.72,2.25,5.9,29.9,132.5,0.269,0.0648,1910.0
Hau_River,16,16,2.0,0.728,True,0.00291,10.48,3.72,2.25,5.9,29.9,132.5,0.269,0.0648,1910.0
Hau_River,17,17,2.0,0.728,True,0.00291,10.48,3.72,2.25,5.9,29.9,132.5,0.269,0.0648,1910.0
Hau_River,18,18,2.0,0.728,True,0.00291,10.48,3.72,2.25,5.9,29.9,132.5,0.269,0.0648,1910.0
Hau_River,19,19,2.0,0.728,True,0.00291,10.48,3.72,2.25,5.9,29.9,132.5,0.269,0.0648,1910.0
Hau_River,20,20,2.0,0.728,True,0.00291,10.48,3.72,2.25,5.9,29.9,132.5,0.269,0.0648,1910.0
Hau_River,21,21,2.0,0.728,True,0.00291,10.48,3.72,2.25,5.9,29.9,132.5,0.269,0.0648,1910.0
Hau_River,22,22,2.0,0.728,True,0.00291,10.48,3.72,2.25,5.9,29.9,132.5,0.269,0.0648,1910.0
Hau_River,23,23,2.0,0.728,True,0.00291,10.48,3.72,2.25,5.9,29.9,132.5,0.269,0.0648,1910.0
Hau_River,24,24,2.0,0.728,True,0.00291,10.48,3.72,2.25,5.9,29.9,132.5,0.269,0.0648,1910.0
Hau_River,25,25,2.0,0.728,True,0.00291,10.48,3.72,2.25,5.9,29.9,132.5,0.269,0.0648,1910.0
Hau_River,26,26,2.0,0.728,True,0.00291,10.48,3.72,2.25,5.9,29.9,132.5,0.269,0.0648,1910.0
Hau_River,27,27,2.0,0.728,True,0.00291,10.48,3.72,2.25,5.9,29.9,132.5,0.269,0.0648,1910.0
Hau_River,28,28,2.0,0.728,True,0.00291,10.48,3.72,2.25,5.9,29.9,132.5,0.269,0.0648,1910.0
Hau_River,29,29,2.0,0.728,True,0.00291,10.48,3.72,2.25,5.9,29.9,132.5,0.269,0.0648,1910.0
Hau_River,30,30,2.0,0.657,True,0.00263,12.77,5.48,2.51,6.0,26.95,140.5,0.309,0.0768,1690.0
Hau_River,31,31,2.0,0.657,True,0.00263,12.77,5.48,2.51,6.0,26.95,140.5,0.309,0.0768,1690.0
Hau_River,32,32,2.0,0.657,True,0.00263,12.77,5.48,2.51,6.0,26.95,140.5,0.309,0.0768,1690.0
Hau_River,33,33,2.0,0.657,True,0.00263,12.77,5.48,2.51,6.0,26.95,140.5,0.309,0.0768,1690.0
Hau_River,34,34,2.0,0.657,True,0.00263,12.77,5.48,2.51,6.0,26.95,140.5,0.309,0.0768,1690.0
Hau_River,35,35,2.0,0.657,True,0.00263,12.77,5.48,2.51,6.0,26.95,140.5,0.309,0.0768,1690.0
Hau_River,36,36,2.0,0.657,True,0.00263,12.77,5.48,2.51,6.0,26.95,140.5,0.309,0.0768,1690.0
Hau_River,37,37,2.0,0.657,True,0.00263,12.77,5.48,2.51,6.0,26.95,140.5,0.309,0.0768,1690.0
Hau_River,38,38,2.0,0.657,True,0.00263,12.77,5.48,2.51,6.0,26.95,140.5,0.309,0.0768,1690.0
Hau_River,39,39,2.0,0.657,True,0.00263,12.77,5.48,2.51,6.0,26.95,140.5,0.309,0.0768,1690.0
Hau_River,40,40,2.0,0.657,True,0.00263,12.77,5.48,2.51,6.0,26.95,140.5,0.309,0.0768,1690.0
Hau_River,41,41,2.0,0.657,True,0.00263,12.77,5.48,2.51,6.0,26.95,140.5,0.309,0.0768,1690.0
Hau_River,42,42,2.0,0.657,True,0.00263,12.77,5.48,2.51,6.0,26.95,140.5,0.309,0.0768,1690.0
Hau_River,43,43,2.0,0.657,True,0.00263,12.77,5.48,2.51,6.0,26.95,140.5,0.309,0.0768,1690.0
Hau_River,44,44,2.0,0.657,True,0.00263,12.77,5.48,2.51,6.0,26.95,140.5,0.309,0.0768,1690.0
Hau_River,45,45,2.0,0.657,True,0.00263,12.77,5.48,2.51,6.0,26.95,140.5,0.309,0.0768,1690.0
Hau_River,46,46,2.0,0.657,True,0.00263,12.77,5.48,2.51,6.0,26.95,140.5,0.309,0.0768,1690.0
Hau_River,47,47,2.0,0.657,True,0.00263,12.77,5.48,2.51,6.0,26.95,140.5,0.309,0.0768,1690.0
Hau_River,48,48,2.0,0.657,True,0.00263,12.77,5.48,2.51,6.0,26.95,140.5,0.309,0.0768,1690.0
Hau_River,49,49,2.0,0.657,True,0.00263,12.77,5.48,2.51,6.0,26.95,140.5,0.309,0.0768,1690.0
Hau_River,50,50,2.0,0.657,True,0.00263,12.77,5.48,2.51,6.0,26.95,140.5,0.309,0.0768,1690.0
Hau_River,51,51,2.0,0.657,True,0.00263,12.77,5.48,2.51,6.0,26.95,140.5,0.309,0.0768,1690.0
Hau_River,52,52,2.0,0.657,True,0.00263,12.77,5.48,2.51,6.0,26.95,140.5,0.309,0.0768,1690.0
Hau_River,53,53,2.0,0.657,True,0.00263,12.77,5.48,2.51,6.0,26.95,140.5,0.309,0.0768,1690.0
Hau_River,54,54,2.0,0.657,True,0.00263,12.77,5.48,2.51,6.0,26.95,140.5,0.309,0.0768,1690.0
Hau_River,55,55,2.0,0.657,True,0.00263,12.77,5.48,2.51,6.0,26.95,140.5,0.309,0.0768,1690.0
Hau_River,56,56,2.0,0.657,True,0.00263,12.77,5.48,2.51,6.0,26.95,140.5,0.309,0.0768,1690.0
Hau_River,57,57,2.0,0.657,True,0.00263,12.77,5.48,2.51,6.0,26.95,140.5,0.309,0.0768,1690.0
Hau_River,58,58,2.0,0.657,True,0.00263,12.77,5.48,2.51,6.0,26.95,140.5,0.309,0.0768,1690.0
Hau_River,59,59,2.0,0.657,True,0.00263,12.77,5.48,2.51,6.0,26.95,140.5,0.309,0.0768,1690.0
Hau_River,60,60,2.0,0.64,False,0.00256,12.82,6.81,2.16,5.0,22.45,131.0,0.238,0.0698,1430.0
Hau_River,61,61,2.0,0.64,False,0.00256,12.82,6.81,2.16,5.0,22.45,131.0,0.238,0.0698,1430.0
Hau_River,62,62,2.0,0.64,False,0.00256,12.82,6.81,2.16,5.0,22.45,131.0,0.238,0.0698,1430.0
Hau_River,63,63,2.0,0.64,False,0.00256,12.82,6.81,2.16,5.0,22.45,131.0,0.238,0.0698,1430.0
Hau_River,64,64,2.0,0.64,False,0.00256,12.82,6.81,2.16,5.0,22.45,131.0,0.238,0.0698,1430.0
Hau_River,65,65,2.0,0.64,False,0.00256,12.82,6.81,2.16,5.0,22.45,131.0,0.238,0.0698,1430.0
Hau_River,66,66,2.0,0.64,False,0.00256,12.82,6.81,2.16,5.0,22.45,131.0,0.238,0.0698,1430.0
Hau_River,67,67,2.0,0.64,False,0.00256,12.82,6.81,2.16,5.0,22.45,131.0,0.238,0.0698,1430.0
Hau_River,68,68,2.0,0.64,False,0.00256,12.82,6.81,2.16,5.0,22.45,131.0,0.238,0.0698,1430.0
Hau_River,69,69,2.0,0.64,False,0.00256,12.82,6.81,2.16,5.0,22.45,131.0,0.238,0.0698,1430.0
Hau_River,70,70,2.0,0.64,False,0.00256,12.82,6.81,2.16,5.0,22.45,131.0,0.238,0.0698,1430.0
Hau_River,71,71,2.0,0.64,False,0.00256,12.82,6.81,2.16,5.0,22.45,131.0,0.238,0.0698,1430.0
Hau_River,72,72,2.0,0.64,False,0.00256,12.82,6.81,2.16,5.0,22.45,131.0,0.238,0.0698,1430.0
Hau_River,73,73,2.0,0.64,False,0.00256,12.82,6.81,2.16,5.0,22.45,131.0,0.238,0.0698,1430.0
Hau_River,74,74,2.0,0.64,False,0.00256,12.82,6.81,2.16,5.0,22.45,131.0,0.238,0.0698,1430.0
Hau_River,75,75,2.0,0.72,False,0.00288,13.7,6.4,2.05,4.3,19.35,138.0,0.133,0.059,1360.0
Hau_River,76,76,2.0,0.72,False,0.00288,13.7,6.4,2.05,4.3,19.35,138.0,0.133,0.059,1360.0
Hau_River,77,77,2.0,0.72,False,0.00288,13.7,6.4,2.05,4.3,19.35,138.0,0.133,0.059,1360.0
Hau_River,78,78,2.0,0.72,False,0.00288,13.7,6.4,2.05,4.3,19.35,138.0,0.133,0.059,1360.0
Hau_River,79,79,2.0,0.72,False,0.00288,13.7,6.4,2.05,4.3,19.35,138.0,0.133,0.059,1360.0
Hau_River,80,80,2.0,0.72,False,0.00288,13.7,6.4,2.05,4.3,19.35,138.0,0.133,0.059,1360.0
Hau_River,81,81,2.0,0.72,False,0.00288,13.7,6.4,2.05,4.3,19.35,138.0,0.133,0.059,1360.0
Hau_River,82,82,2.0,0.72,False,0.00288,13.7,6.4,2.05,4.3,19.35,138.0,0.133,0.059,1360.0
Hau_River,83,83,2.0,0.72,False,0.00288,13.7,6.4,2.05,4.3,19.35,138.0,0.133,0.059,1360.0
Hau_River,84,84,2.0,0.72,False,0.00288,13.7,6.4,2.05,4.3,19.35,138.0,0.133,0.059,1360.0
Hau_River,85,85,2.0,0.72,False,0.00288,13.7,6.4,2.05,4.3,19.35,138.0,0.133,0.059,1360.0
Hau_River,86,86,2.0,0.72,False,0.00288,13.7,6.4,2.05,4.3,19.35,138.0,0.133,0.059,1360.0
Hau_River,87,87,2.0,0.72,False,0.00288,13.7,6.4,2.05,4.3,19.35,138.0,0.133,0.059,1360.0
Hau_River,88,88,2.0,0.72,False,0.00288,13.7,6.4,2.05,4.3,19.35,138.0,0.133,0.059,1360.0
Hau_River,89,89,2.0,0.72,False,0.00288,13.7,6.4,2.05,4.3,19.35,138.0,0.133,0.059,1360.0
Hau_River,90,90,2.0,0.72,False,0.00288,13.7,6.4,2.05,4.3,19.35,138.0,0.133,0.059,1360.0
Hau_River,91,91,2.0,0.72,False,0.00288,13.7,6.4,2.05,4.3,19.35,138.0,0.133,0.059,1360.0
Hau_River,92,92,2.0,0.72,False,0.00288,13.7,6.4,2.05,4.3,19.35,138.0,0.133,0.059,1360.0
Hau_River,93,93,2.0,0.72,False,0.00288,13.7,6.4,2.05,4.3,19.35,138.0,0.133,0.059,1360.0
Hau_River,94,94,2.0,0.72,False,0.00288,13.7,6.4,2.05,4.3,19.35,138.0,0.133,0.059,1360.0
Hau_River,95,95,2.0,0.72,False,0.00288,13.7,6.4,2.05,4.3,19.35,138.0,0.133,0.059,1360.0
Hau_River,96,96,2.0,0.552,False,0.00221,11.95,8.35,2.0,4.6,20.8,118.5,0.2435,0.0705,1270.0
Hau_River,97,97,2.0,0.552,False,0.00221,11.95,8.35,2.0,4.6,20.8,118.5,0.2435,0.0705,1270.0
Hau_River,98,98,2.0,0.552,False,0.00221,11.95,8.35,2.0,4.6,20.8,118.5,0.2435,0.0705,1270.0
Hau_River,99,99,2.0,0.552,False,0.00221,11.95,8.35,2.0,4.6,20.8,118.5,0.2435,0.0705,1270.0
Hau_River,100,100,2.0,0.552,False,0.00221,11.95,8.35,2.0,4.6,20.8,118.5,0.2435,0.0705,1270.0
Hau_River,101,101,2.0,0.552,False,0.00221,11.95,8.35,2.0,4.6,20.8,118.5,0.2435,0.0705,1270.0
Hau_River,102,102,2.0,0.552,False,0.00221,11.95,8.35,2.0,4.6,20.8,118.5,0.2435,0.0705,1270.0
Hau_River,103,103,2.0,0.552,False,0.00221,11.95,8.35,2.0,4.6,20.8,118.5,0.2435,0.0705,1270.0
Hau_River,104,104,2.0,0.552,False,0.00221,11.95,8.35,2.0,4.6,20.8,118.5,0.2435,0.0705,1270.0
Hau_River,105,105,2.0,0.552,False,0.00221,11.95,8.35,2.0,4.6,20.8,118.5,0.2435,0.0705,1270.0
Hau_River,106,106,2.0,0.552,False,0.00221,11.95,8.35,2.0,4.6,20.8,118.5,0.2435,0.0705,1270.0
Hau_River,107,107,2.0,0.552,False,0.00221,11.95,8.35,2.0,4.6,20.8,118.5,0.2435,0.0705,1270.0
Hau_River,108,108,2.0,0.552,False,0.00221,11.95,8.35,2.0,4.6,20.8,118.5,0.2435,0.0705,1270.0
Hau_River,109,109,2.0,0.552,False,0.00221,11.95,8.35,2.0,4.6,20.8,118.5,0.2435,0.0705,1270.0
Hau_River,110,110,2.0,0.552,False,0.00221,11.95,8.35,2.0,4.6,20.8,118.5,0.2435,0.0705,1270.0
Hau_River,111,111,2.0,0.552,False,0.00221,11.95,8.35,2.0,4.6,20.8,118.5,0.2435,0.0705,1270.0
Hau_River,112,112,2.0,0.552,False,0.00221,11.95,8.35,2.0,4.6,20.8,118.5,0.2435,0.0705,1270.0
Hau_River,113,113,2.0,0.552,False,0.00221,11.95,8.35,2.0,4.6,20.8,118.5,0.2435,0.0705,1270.0
Hau_River,114,114,2.0,0.552,False,0.00221,11.95,8.35,2.0,4.6,20.8,118.5,0.2435,0.0705,1270.0
Hau_River,115,115,2.0,0.552,False,0.00221,11.95,8.35,2.0,4.6,20.8,118.5,0.2435,0.0705,1270.0
Hau_River,116,116,2.0,0.552,False,0.00221,11.95,8.35,2.0,4.6,20.8,118.5,0.2435,0.0705,1270.0
Hau_River,117,117,2.0,0.552,False,0.00221,11.95,8.35,2.0,4.6,20.8,118.5,0.2435,0.0705,1270.0
Hau_River,118,118,2.0,0.552,False,0.00221,11.95,8.35,2.0,4.6,20.8,118.5,0.2435,0.0705,1270.0
Hau_River,119,119,2.0,0.552,False,0.00221,11.95,8.35,2.0,4.6,20.8,118.5,0.2435,0.0705,1270.0
Hau_River,120,120,2.0,0.552,False,0.00221,11.95,8.35,2.0,4.6,20.8,118.5,0.2435,0.0705,1270.0
Hau_River,121,121,2.0,0.452,True,0.00181,11.4,9.55,1.92,5.1,22.45,104.5,0.362,0.0835,1200.0
Hau_River,122,122,2.0,0.452,True,0.00181,11.4,9.55,1.92,5.1,22.45,104.5,0.362,0.0835,1200.0
Hau_River,123,123,2.0,0.452,True,0.00181,11.4,9.55,1.92,5.1,22.45,104.5,0.362,0.0835,1200.0
Hau_River,124,124,2.0,0.452,True,0.00181,11.4,9.55,1.92,5.1,22.45,104.5,0.362,0.0835,1200.0
Hau_River,125,125,2.0,0.452,True,0.00181,11.4,9.55,1.92,5.1,22.45,104.5,0.362,0.0835,1200.0
Hau_River,126,126,2.0,0.452,True,0.00181,11.4,9.55,1.92,5.1,22.45,104.5,0.362,0.0835,1200.0
Hau_River,127,127,2.0,0.452,True,0.00181,11.4,9.55,1.92,5.1,22.45,104.5,0.362,0.0835,1200.0
Hau_River,128,128,2.0,0.452,True,0.00181,11.4,9.55,1.92,5.1,22.45,104.5,0.362,0.0835,1200.0
Hau_River,129,129,2.0,0.452,True,0.00181,11.4,9.55,1.92,5.1,22.45,104.5,0.362,0.0835,1200.0
Hau_River,130,130,2.0,0.452,True,0.00181,11.4,9.55,1.92,5.1,22.45,104.5,0.362,0.0835,1200.0
Hau_River,131,131,2.0,0.452,True,0.00181,11.4,9.55,1.92,5.1,22.45,104.5,0.362,0.0835,1200.0
Hau_River,132,132,2.0,0.452,True,0.00181,11.4,9.55,1.92,5.1,22.45,104.5,0.362,0.0835,1200.0
Hau_River,133,133,2.0,0.452,True,0.00181,11.4,9.55,1.92,5.1,22.45,104.5,0.362,0.0835,1200.0
Hau_River,134,134,2.0,0.452,True,0.00181,11.4,9.55,1.92,5.1,22.45,104.5,0.362,0.0835,1200.0
Hau_River,135,135,2.0,0.452,True,0.00181,11.4,9.55,1.92,5.1,22.45,104.5,0.362,0.0835,1200.0
Hau_River,136,136,2.0,0.452,True,0.00181,11.4,9.55,1.92,5.1,22.45,104.5,0.362,0.0835,1200.0
Hau_River,137,137,2.0,0.452,True,0.00181,11.4,9.55,1.92,5.1,22.45,104.5,0.362,0.0835,1200.0
Hau_River,138,138,2.0,0.452,True,0.00181,11.4,9.55,1.92,5.1,22.45,104.5,0.362,0.0835,1200.0
Hau_River,139,139,2.0,0.452,True,0.00181,11.4,9.55,1.92,5.1,22.45,104.5,0.362,0.0835,1200.0
Hau_River,140,140,2.0,0.452,True,0.00181,11.4,9.55,1.92,5.1,22.45,104.5,0.362,0.0835,1200.0
Hau_River,141,141,2.0,0.452,True,0.00181,11.4,9.55,1.92,5.1,22.45,104.5,0.362,0.0835,1200.0
Hau_River,142,142,2.0,0.452,True,0.00181,11.4,9.55,1.92,5.1,22.45,104.5,0.362,0.0835,1200.0
Hau_River,143,143,2.0,0.452,True,0.00181,11.4,9.55,1.92,5.1,22.45,104.5,0.362,0.0835,1200.0
Hau_River,144,144,2.0,0.452,True,0.00181,11.4,9.55,1.92,5.1,22.45,104.5,0.362,0.0835,1200.0
Hau_River,145,145,2.0,0.452,True,0.00181,11.4,9.55,1.92,5.1,22.45,104.5,0.362,0.0835,1200.0
Hau_River,146,146,2.0,0.43,True,0.00172,11.25,9.8,1.92,5.2,22.8,102.0,0.3845,0.086,1190.0
Hau_River,147,147,2.0,0.43,True,0.00172,11.25,9.8,1.92,5.2,22.8,102.0,0.3845,0.086,1190.0
Hau_River,148,148,2.0,0.43,True,0.00172,11.25,9.8,1.92,5.2,22.8,102.0,0.3845,0.086,1190.0
Hau_River,149,149,2.0,0.43,True,0.00172,11.25,9.8,1.92,5.2,22.8,102.0,0.3845,0.086,1190.0
Hau_River,150,150,2.0,0.43,True,0.00172,11.25,9.8,1.92,5.2,22.8,102.0,0.3845,0.086,1190.0
Hau_River,151,151,2.0,0.43,True,0.00172,11.25,9.8,1.92,5.2,22.8,102.0,0.3845,0.086,1190.0
Hau_River,152,152,2.0,0.43,True,0.00172,11.25,9.8,1.92,5.2,22.8,102.0,0.3845,0.086,1190.0
Hau_River,153,153,2.0,0.43,True,0.00172,11.25,9.8,1.92,5.2,22.8,102.0,0.3845,0.086,1190.0
Hau_River,154,154,2.0,0.43,True,0.00172,11.25,9.8,1.92,5.2,22.8,102.0,0.3845,0.086,1190.0
Hau_River,155,155,2.0,0.43,True,0.00172,11.25,9.8,1.92,5.2,22.8,102.0,0.3845,0.086,1190.0
Hau_River,156,156,2.0,0.43,True,0.00172,11.25,9.8,1.92,5.2,22.8,102.0,0.3845,0.086,1190.0
Hau_River,157,157,2.0,0.43,True,0.00172,11.25,9.8,1.92,5.2,22.8,102.0,0.3845,0.086,1190.0
Hau_River,158,158,2.0,0.43,True,0.00172,11.25,9.8,1.92,5.2,22.8,102.0,0.3845,0.086,1190.0
Hau_River,159,159,2.0,0.43,True,0.00172,11.25,9.8,1.92,5.2,22.8,102.0,0.3845,0.086,1190.0
Hau_River,160,160,2.0,0.43,True,0.00172,11.25,9.8,1.92,5.2,22.8,102.0,0.3845,0.086,1190.0
Hau_River,161,161,2.0,0.43,True,0.00172,11.25,9.8,1.92,5.2,22.8,102.0,0.3845,0.086,1190.0
Hau_River,162,162,2.0,0.43,True,0.00172,11.25,9.8,1.92,5.2,22.8,102.0,0.3845,0.086,1190.0
Hau_River,163,163,2.0,0.43,True,0.00172,11.25,9.8,1.92,5.2,22.8,102.0,0.3845,0.086,1190.0
Hau_River,164,164,2.0,0.43,True,0.00172,11.25,9.8,1.92,5.2,22.8,102.0,0.3845,0.086,1190.0
Hau_River,165,165,2.0,0.43,True,0.00172,11.25,9.8,1.92,5.2,22.8,102.0,0.3845,0.086,1190.0
Hau_River,166,166,2.0,0.43,True,0.00172,11.25,9.8,1.92,5.2,22.8,102.0,0.3845,0.086,1190.0
