Time_s,Segment_Index,Q_lat_m3_s,NH4_load_g_s,TOC_load_g_s
0.0,0,0.00554485091987254,0.6413258884558639,2.196321535807753
0.0,0,0.00554485091987254,0.6413258884558639,2.196321535807753
0.0,1,0.00554485091987254,0.6413258884558639,2.196321535807753
0.0,1,0.00554485091987254,0.6413258884558639,2.196321535807753
0.0,2,0.00554485091987254,0.6413258884558639,2.196321535807753
0.0,2,0.00554485091987254,0.6413258884558639,2.196321535807753
0.0,3,0.00554485091987254,0.6413258884558639,2.196321535807753
0.0,3,0.00554485091987254,0.6413258884558639,2.196321535807753
3600.0,0,0.0014458901904384818,0.16723385793281045,0.5727186915507207
3600.0,0,0.0014458901904384818,0.16723385793281045,0.5727186915507207
3600.0,1,0.0014458901904384818,0.16723385793281045,0.5727186915507207
3600.0,1,0.0014458901904384818,0.16723385793281045,0.5727186915507207
3600.0,2,0.0014458901904384818,0.16723385793281045,0.5727186915507207
3600.0,2,0.0014458901904384818,0.16723385793281045,0.5727186915507207
3600.0,3,0.0014458901904384818,0.16723385793281045,0.5727186915507207
3600.0,3,0.0014458901904384818,0.16723385793281045,0.5727186915507207
7200.0,0,0.00011863980740255649,0.013722060518522677,0.046993357940146155
7200.0,0,0.00011863980740255649,0.013722060518522677,0.046993357940146155
7200.0,1,0.00011863980740255649,0.013722060518522677,0.046993357940146155
7200.0,1,0.00011863980740255649,0.013722060518522677,0.046993357940146155
7200.0,2,0.00011863980740255649,0.013722060518522677,0.046993357940146155
7200.0,2,0.00011863980740255649,0.013722060518522677,0.046993357940146155
7200.0,3,0.00011863980740255649,0.013722060518522677,0.046993357940146155
7200.0,3,0.00011863980740255649,0.013722060518522677,0.046993357940146155
10800.0,0,3.7493144021610456e-05,0.0043365140466600175,0.014851075502260336
10800.0,0,3.7493144021610456e-05,0.0043365140466600175,0.014851075502260336
10800.0,1,3.7493144021610456e-05,0.0043365140466600175,0.014851075502260336
10800.0,1,3.7493144021610456e-05,0.0043365140466600175,0.014851075502260336
10800.0,2,3.7493144021610456e-05,0.0043365140466600175,0.014851075502260336
10800.0,2,3.7493144021610456e-05,0.0043365140466600175,0.014851075502260336
10800.0,3,3.7493144021610456e-05,0.0043365140466600175,0.014851075502260336
10800.0,3,3.7493144021610456e-05,0.0043365140466600175,0.014851075502260336
14400.0,0,7.72204180383627e-05,0.008931430965600168,0.030587092347945787
14400.0,0,7.72204180383627e-05,0.008931430965600168,0.030587092347945787
14400.0,1,7.72204180383627e-05,0.008931430965600168,0.030587092347945787
14400.0,1,7.72204180383627e-05,0.008931430965600168,0.030587092347945787
14400.0,2,7.72204180383627e-05,0.008931430965600168,0.030587092347945787
14400.0,2,7.72204180383627e-05,0.008931430965600168,0.030587092347945787
14400.0,3,7.72204180383627e-05,0.008931430965600168,0.030587092347945787
14400.0,3,7.72204180383627e-05,0.008931430965600168,0.030587092347945787
18000.0,0,0.0007902558384921046,0.09140219188075717,0.3130212050710862
18000.0,0,0.0007902558384921046,0.09140219188075717,0.3130212050710862
18000.0,1,0.0007902558384921046,0.09140219188075717,0.3130212050710862
18000.0,1,0.0007902558384921046,0.09140219188075717,0.3130212050710862
18000.0,2,0.0007902558384921046,0.09140219188075717,0.3130212050710862
18000.0,2,0.0007902558384921046,0.09140219188075717,0.3130212050710862
18000.0,3,0.0007902558384921046,0.09140219188075717,0.3130212050710862
18000.0,3,0.0007902558384921046,0.09140219188075717,0.3130212050710862
21600.0,0,0.005063625054496821,0.5856665731523752,2.005707442302655
21600.0,0,0.005063625054496821,0.5856665731523752,2.005707442302655
21600.0,1,0.005063625054496821,0.5856665731523752,2.005707442302655
21600.0,1,0.005063625054496821,0.5856665731523752,2.005707442302655
21600.0,2,0.005063625054496821,0.5856665731523752,2.005707442302655
21600.0,2,0.005063625054496821,0.5856665731523752,2.005707442302655
21600.0,3,0.005063625054496821,0.5856665731523752,2.005707442302655
21600.0,3,0.005063625054496821,0.5856665731523752,2.005707442302655
25200.0,0,0.005975347880044763,0.6911178214491402,2.3668418542778777
25200.0,0,0.005975347880044763,0.6911178214491402,2.3668418542778777
25200.0,1,0.005975347880044763,0.6911178214491402,2.3668418542778777
25200.0,1,0.005975347880044763,0.6911178214491402,2.3668418542778777
25200.0,2,0.005975347880044763,0.6911178214491402,2.3668418542778777
25200.0,2,0.005975347880044763,0.6911178214491402,2.3668418542778777
25200.0,3,0.005975347880044763,0.6911178214491402,2.3668418542778777
25200.0,3,0.005975347880044763,0.6911178214491402,2.3668418542778777
28800.0,0,0.005998859231077156,0.6938371800590546,2.376154726229639
28800.0,0,0.005998859231077156,0.6938371800590546,2.376154726229639
28800.0,1,0.005998859231077156,0.6938371800590546,2.376154726229639
28800.0,1,0.005998859231077156,0.6938371800590546,2.376154726229639
28800.0,2,0.005998859231077156,0.6938371800590546,2.376154726229639
28800.0,2,0.005998859231077156,0.6938371800590546,2.376154726229639
28800.0,3,0.005998859231077156,0.6938371800590546,2.376154726229639
28800.0,3,0.005998859231077156,0.6938371800590546,2.376154726229639
32400.0,0,0.005999763287993895,0.6939417446566823,2.3765128241667206
32400.0,0,0.005999763287993895,0.6939417446566823,2.3765128241667206
32400.0,1,0.005999763287993895,0.6939417446566823,2.3765128241667206
32400.0,1,0.005999763287993895,0.6939417446566823,2.3765128241667206
32400.0,2,0.005999763287993895,0.6939417446566823,2.3765128241667206
32400.0,2,0.005999763287993895,0.6939417446566823,2.3765128241667206
32400.0,3,0.005999763287993895,0.6939417446566823,2.3765128241667206
32400.0,3,0.005999763287993895,0.6939417446566823,2.3765128241667206
36000.0,0,0.00599966833555908,0.6939307623136944,2.3764752134030633
36000.0,0,0.00599966833555908,0.6939307623136944,2.3764752134030633
36000.0,1,0.00599966833555908,0.6939307623136944,2.3764752134030633
36000.0,1,0.00599966833555908,0.6939307623136944,2.3764752134030633
36000.0,2,0.00599966833555908,0.6939307623136944,2.3764752134030633
36000.0,2,0.00599966833555908,0.6939307623136944,2.3764752134030633
36000.0,3,0.00599966833555908,0.6939307623136944,2.3764752134030633
36000.0,3,0.00599966833555908,0.6939307623136944,2.3764752134030633
39600.0,0,0.005997080368321679,0.6936314340879576,2.375450116739581
39600.0,0,0.005997080368321679,0.6936314340879576,2.375450116739581
39600.0,1,0.005997080368321679,0.6936314340879576,2.375450116739581
39600.0,1,0.005997080368321679,0.6936314340879576,2.375450116739581
39600.0,2,0.005997080368321679,0.6936314340879576,2.375450116739581
39600.0,2,0.005997080368321679,0.6936314340879576,2.375450116739581
39600.0,3,0.005997080368321679,0.6936314340879576,2.375450116739581
39600.0,3,0.005997080368321679,0.6936314340879576,2.375450116739581
43200.0,0,0.005906736323253501,0.6831821044653358,2.3396647413196434
43200.0,0,0.005906736323253501,0.6831821044653358,2.3396647413196434
43200.0,1,0.005906736323253501,0.6831821044653358,2.3396647413196434
43200.0,1,0.005906736323253501,0.6831821044653358,2.3396647413196434
43200.0,2,0.005906736323253501,0.6831821044653358,2.3396647413196434
43200.0,2,0.005906736323253501,0.6831821044653358,2.3396647413196434
43200.0,3,0.005906736323253501,0.6831821044653358,2.3396647413196434
43200.0,3,0.005906736323253501,0.6831821044653358,2.3396647413196434
46800.0,0,0.0033459404239140266,0.38699655700326385,1.325330674668712
46800.0,0,0.0033459404239140266,0.38699655700326385,1.325330674668712
46800.0,1,0.0033459404239140266,0.38699655700326385,1.325330674668712
46800.0,1,0.0033459404239140266,0.38699655700326385,1.325330674668712
46800.0,2,0.0033459404239140266,0.38699655700326385,1.325330674668712
46800.0,2,0.0033459404239140266,0.38699655700326385,1.325330674668712
46800.0,3,0.0033459404239140266,0.38699655700326385,1.325330674668712
46800.0,3,0.0033459404239140266,0.38699655700326385,1.325330674668712
50400.0,0,0.00024871995121329113,0.028767327741289348,0.09851824568934708
50400.0,0,0.00024871995121329113,0.028767327741289348,0.09851824568934708
50400.0,1,0.00024871995121329113,0.028767327741289348,0.09851824568934708
50400.0,1,0.00024871995121329113,0.028767327741289348,0.09851824568934708
50400.0,2,0.00024871995121329113,0.028767327741289348,0.09851824568934708
50400.0,2,0.00024871995121329113,0.028767327741289348,0.09851824568934708
50400.0,3,0.00024871995121329113,0.028767327741289348,0.09851824568934708
50400.0,3,0.00024871995121329113,0.028767327741289348,0.09851824568934708
54000.0,0,3.572860129465855e-05,0.004132424351836125,0.014152138191219608
54000.0,0,3.572860129465855e-05,0.004132424351836125,0.014152138191219608
54000.0,1,3.572860129465855e-05,0.004132424351836125,0.014152138191219608
54000.0,1,3.572860129465855e-05,0.004132424351836125,0.014152138191219608
54000.0,2,3.572860129465855e-05,0.004132424351836125,0.014152138191219608
54000.0,2,3.572860129465855e-05,0.004132424351836125,0.014152138191219608
54000.0,3,3.572860129465855e-05,0.004132424351836125,0.014152138191219608
54000.0,3,3.572860129465855e-05,0.004132424351836125,0.014152138191219608
57600.0,0,3.316645904105277e-05,0.0038360830829924524,0.013137270832165933
57600.0,0,3.316645904105277e-05,0.0038360830829924524,0.013137270832165933
57600.0,1,3.316645904105277e-05,0.0038360830829924524,0.013137270832165933
57600.0,1,3.316645904105277e-05,0.0038360830829924524,0.013137270832165933
57600.0,2,3.316645904105277e-05,0.0038360830829924524,0.013137270832165933
57600.0,2,3.316645904105277e-05,0.0038360830829924524,0.013137270832165933
57600.0,3,3.316645904105277e-05,0.0038360830829924524,0.013137270832165933
57600.0,3,3.316645904105277e-05,0.0038360830829924524,0.013137270832165933
61200.0,0,0.00020649858520846876,0.023883940350689248,0.08179431626948373
61200.0,0,0.00020649858520846876,0.023883940350689248,0.08179431626948373
61200.0,1,0.00020649858520846876,0.023883940350689248,0.08179431626948373
61200.0,1,0.00020649858520846876,0.023883940350689248,0.08179431626948373
61200.0,2,0.00020649858520846876,0.023883940350689248,0.08179431626948373
61200.0,2,0.00020649858520846876,0.023883940350689248,0.08179431626948373
61200.0,3,0.00020649858520846876,0.023883940350689248,0.08179431626948373
61200.0,3,0.00020649858520846876,0.023883940350689248,0.08179431626948373
64800.0,0,0.003003593648548908,0.34740020841900254,1.1897267411609678
64800.0,0,0.003003593648548908,0.34740020841900254,1.1897267411609678
64800.0,1,0.003003593648548908,0.34740020841900254,1.1897267411609678
64800.0,1,0.003003593648548908,0.34740020841900254,1.1897267411609678
64800.0,2,0.003003593648548908,0.34740020841900254,1.1897267411609678
64800.0,2,0.003003593648548908,0.34740020841900254,1.1897267411609678
64800.0,3,0.003003593648548908,0.34740020841900254,1.1897267411609678
64800.0,3,0.003003593648548908,0.34740020841900254,1.1897267411609678
68400.0,0,0.00589080013639273,0.681338900861709,2.3333524002113326
68400.0,0,0.00589080013639273,0.681338900861709,2.3333524002113326
68400.0,1,0.00589080013639273,0.681338900861709,2.3333524002113326
68400.0,1,0.00589080013639273,0.681338900861709,2.3333524002113326
68400.0,2,0.00589080013639273,0.681338900861709,2.3333524002113326
68400.0,2,0.00589080013639273,0.681338900861709,2.3333524002113326
68400.0,3,0.00589080013639273,0.681338900861709,2.3333524002113326
68400.0,3,0.00589080013639273,0.681338900861709,2.3333524002113326
72000.0,0,0.005997071872663557,0.6936304514672215,2.3754467516000735
72000.0,0,0.005997071872663557,0.6936304514672215,2.3754467516000735
72000.0,1,0.005997071872663557,0.6936304514672215,2.3754467516000735
72000.0,1,0.005997071872663557,0.6936304514672215,2.3754467516000735
72000.0,2,0.005997071872663557,0.6936304514672215,2.3754467516000735
72000.0,2,0.005997071872663557,0.6936304514672215,2.3754467516000735
72000.0,3,0.005997071872663557,0.6936304514672215,2.3754467516000735
72000.0,3,0.005997071872663557,0.6936304514672215,2.3754467516000735
75600.0,0,0.005999726537929946,0.6939374940884068,2.3764982674260504
75600.0,0,0.005999726537929946,0.6939374940884068,2.3764982674260504
75600.0,1,0.005999726537929946,0.6939374940884068,2.3764982674260504
75600.0,1,0.005999726537929946,0.6939374940884068,2.3764982674260504
75600.0,2,0.005999726537929946,0.6939374940884068,2.3764982674260504
75600.0,2,0.005999726537929946,0.6939374940884068,2.3764982674260504
75600.0,3,0.005999726537929946,0.6939374940884068,2.3764982674260504
75600.0,3,0.005999726537929946,0.6939374940884068,2.3764982674260504
79200.0,0,0.005999834482654824,0.6939499791394184,2.376541024450063
79200.0,0,0.005999834482654824,0.6939499791394184,2.376541024450063
79200.0,1,0.005999834482654824,0.6939499791394184,2.376541024450063
79200.0,1,0.005999834482654824,0.6939499791394184,2.376541024450063
79200.0,2,0.005999834482654824,0.6939499791394184,2.376541024450063
79200.0,2,0.005999834482654824,0.6939499791394184,2.376541024450063
79200.0,3,0.005999834482654824,0.6939499791394184,2.376541024450063
79200.0,3,0.005999834482654824,0.6939499791394184,2.376541024450063
82800.0,0,0.005999254629813221,0.6938829124780801,2.3763113441030144
82800.0,0,0.005999254629813221,0.6938829124780801,2.3763113441030144
82800.0,1,0.005999254629813221,0.6938829124780801,2.3763113441030144
82800.0,1,0.005999254629813221,0.6938829124780801,2.3763113441030144
82800.0,2,0.005999254629813221,0.6938829124780801,2.3763113441030144
82800.0,2,0.005999254629813221,0.6938829124780801,2.3763113441030144
82800.0,3,0.005999254629813221,0.6938829124780801,2.3763113441030144
82800.0,3,0.005999254629813221,0.6938829124780801,2.3763113441030144
86400.0,0,0.005982726108511946,0.6919711985724074,2.3697643786726283
86400.0,0,0.005982726108511946,0.6919711985724074,2.3697643786726283
86400.0,1,0.005982726108511946,0.6919711985724074,2.3697643786726283
86400.0,1,0.005982726108511946,0.6919711985724074,2.3697643786726283
86400.0,2,0.005982726108511946,0.6919711985724074,2.3697643786726283
86400.0,2,0.005982726108511946,0.6919711985724074,2.3697643786726283
86400.0,3,0.005982726108511946,0.6919711985724074,2.3697643786726283
86400.0,3,0.005982726108511946,0.6919711985724074,2.3697643786726283
90000.0,0,0.005178796642828155,0.5989874941796197,2.0513270348617114
90000.0,0,0.005178796642828155,0.5989874941796197,2.0513270348617114
90000.0,1,0.005178796642828155,0.5989874941796197,2.0513270348617114
90000.0,1,0.005178796642828155,0.5989874941796197,2.0513270348617114
90000.0,2,0.005178796642828155,0.5989874941796197,2.0513270348617114
90000.0,2,0.005178796642828155,0.5989874941796197,2.0513270348617114
90000.0,3,0.005178796642828155,0.5989874941796197,2.0513270348617114
90000.0,3,0.005178796642828155,0.5989874941796197,2.0513270348617114
93600.0,0,0.0007011205126263673,0.08109266455897284,0.27771460465401654
93600.0,0,0.0007011205126263673,0.08109266455897284,0.27771460465401654
93600.0,1,0.0007011205126263673,0.08109266455897284,0.27771460465401654
93600.0,1,0.0007011205126263673,0.08109266455897284,0.27771460465401654
93600.0,2,0.0007011205126263673,0.08109266455897284,0.27771460465401654
93600.0,2,0.0007011205126263673,0.08109266455897284,0.27771460465401654
93600.0,3,0.0007011205126263673,0.08109266455897284,0.27771460465401654
93600.0,3,0.0007011205126263673,0.08109266455897284,0.27771460465401654
97200.0,0,5.0311961000929895e-05,0.0058191579097711535,0.019928622978668334
97200.0,0,5.0311961000929895e-05,0.0058191579097711535,0.019928622978668334
97200.0,1,5.0311961000929895e-05,0.0058191579097711535,0.019928622978668334
97200.0,1,5.0311961000929895e-05,0.0058191579097711535,0.019928622978668334
97200.0,2,5.0311961000929895e-05,0.0058191579097711535,0.019928622978668334
97200.0,2,5.0311961000929895e-05,0.0058191579097711535,0.019928622978668334
97200.0,3,5.0311961000929895e-05,0.0058191579097711535,0.019928622978668334
97200.0,3,5.0311961000929895e-05,0.0058191579097711535,0.019928622978668334
100800.0,0,1.978023260625082e-05,0.0022878117795021007,0.007834971847609935
100800.0,0,1.978023260625082e-05,0.0022878117795021007,0.007834971847609935
100800.0,1,1.978023260625082e-05,0.0022878117795021007,0.007834971847609935
100800.0,1,1.978023260625082e-05,0.0022878117795021007,0.007834971847609935
100800.0,2,1.978023260625082e-05,0.0022878117795021007,0.007834971847609935
100800.0,2,1.978023260625082e-05,0.0022878117795021007,0.007834971847609935
100800.0,3,1.978023260625082e-05,0.0022878117795021007,0.007834971847609935
100800.0,3,1.978023260625082e-05,0.0022878117795021007,0.007834971847609935
104400.0,0,6.016975078158317e-05,0.006959324864779913,0.02383330433143806
104400.0,0,6.016975078158317e-05,0.006959324864779913,0.02383330433143806
104400.0,1,6.016975078158317e-05,0.006959324864779913,0.02383330433143806
104400.0,1,6.016975078158317e-05,0.006959324864779913,0.02383330433143806
104400.0,2,6.016975078158317e-05,0.006959324864779913,0.02383330433143806
104400.0,2,6.016975078158317e-05,0.006959324864779913,0.02383330433143806
104400.0,3,6.016975078158317e-05,0.006959324864779913,0.02383330433143806
104400.0,3,6.016975078158317e-05,0.006959324864779913,0.02383330433143806
108000.0,0,0.0009388556886153506,0.10858947649523505,0.37188176881929813
108000.0,0,0.0009388556886153506,0.10858947649523505,0.37188176881929813
108000.0,1,0.0009388556886153506,0.10858947649523505,0.37188176881929813
108000.0,1,0.0009388556886153506,0.10858947649523505,0.37188176881929813
108000.0,2,0.0009388556886153506,0.10858947649523505,0.37188176881929813
108000.0,2,0.0009388556886153506,0.10858947649523505,0.37188176881929813
108000.0,3,0.0009388556886153506,0.10858947649523505,0.37188176881929813
108000.0,3,0.0009388556886153506,0.10858947649523505,0.37188176881929813
111600.0,0,0.005448516003591598,0.6301836455595271,2.1581631697244084
111600.0,0,0.005448516003591598,0.6301836455595271,2.1581631697244084
111600.0,1,0.005448516003591598,0.6301836455595271,2.1581631697244084
111600.0,1,0.005448516003591598,0.6301836455595271,2.1581631697244084
111600.0,2,0.005448516003591598,0.6301836455595271,2.1581631697244084
111600.0,2,0.005448516003591598,0.6301836455595271,2.1581631697244084
111600.0,3,0.005448516003591598,0.6301836455595271,2.1581631697244084
111600.0,3,0.005448516003591598,0.6301836455595271,2.1581631697244084
115200.0,0,0.0059894341618305005,0.6927470622189688,2.3724214459553727
115200.0,0,0.0059894341618305005,0.6927470622189688,2.3724214459553727
115200.0,1,0.0059894341618305005,0.6927470622189688,2.3724214459553727
115200.0,1,0.0059894341618305005,0.6927470622189688,2.3724214459553727
115200.0,2,0.0059894341618305005,0.6927470622189688,2.3724214459553727
115200.0,2,0.0059894341618305005,0.6927470622189688,2.3724214459553727
115200.0,3,0.0059894341618305005,0.6927470622189688,2.3724214459553727
115200.0,3,0.0059894341618305005,0.6927470622189688,2.3724214459553727
118800.0,0,0.005999526449172761,0.6939143515185116,2.3764190120496975
118800.0,0,0.005999526449172761,0.6939143515185116,2.3764190120496975
118800.0,1,0.005999526449172761,0.6939143515185116,2.3764190120496975
118800.0,1,0.005999526449172761,0.6939143515185116,2.3764190120496975
118800.0,2,0.005999526449172761,0.6939143515185116,2.3764190120496975
118800.0,2,0.005999526449172761,0.6939143515185116,2.3764190120496975
118800.0,3,0.005999526449172761,0.6939143515185116,2.3764190120496975
118800.0,3,0.005999526449172761,0.6939143515185116,2.3764190120496975
122400.0,0,0.0059998806380179405,0.6939553175388967,2.376559306640057
122400.0,0,0.0059998806380179405,0.6939553175388967,2.376559306640057
122400.0,1,0.0059998806380179405,0.6939553175388967,2.376559306640057
122400.0,1,0.0059998806380179405,0.6939553175388967,2.376559306640057
122400.0,2,0.0059998806380179405,0.6939553175388967,2.376559306640057
122400.0,2,0.0059998806380179405,0.6939553175388967,2.376559306640057
122400.0,3,0.0059998806380179405,0.6939553175388967,2.376559306640057
122400.0,3,0.0059998806380179405,0.6939553175388967,2.376559306640057
126000.0,0,0.005999758198861331,0.6939411560398718,2.3765108083557256
126000.0,0,0.005999758198861331,0.6939411560398718,2.3765108083557256
126000.0,1,0.005999758198861331,0.6939411560398718,2.3765108083557256
126000.0,1,0.005999758198861331,0.6939411560398718,2.3765108083557256
126000.0,2,0.005999758198861331,0.6939411560398718,2.3765108083557256
126000.0,2,0.005999758198861331,0.6939411560398718,2.3765108083557256
126000.0,3,0.005999758198861331,0.6939411560398718,2.3765108083557256
126000.0,3,0.005999758198861331,0.6939411560398718,2.3765108083557256
129600.0,0,0.005996668444266853,0.693583790325437,2.3752869531693053
129600.0,0,0.005996668444266853,0.693583790325437,2.3752869531693053
129600.0,1,0.005996668444266853,0.693583790325437,2.3752869531693053
129600.0,1,0.005996668444266853,0.693583790325437,2.3752869531693053
129600.0,2,0.005996668444266853,0.693583790325437,2.3752869531693053
129600.0,2,0.005996668444266853,0.693583790325437,2.3752869531693053
129600.0,3,0.005996668444266853,0.693583790325437,2.3752869531693053
129600.0,3,0.005996668444266853,0.693583790325437,2.3752869531693053
133200.0,0,0.00584098969233664,0.6755777491643451,2.3136224286450178
133200.0,0,0.00584098969233664,0.6755777491643451,2.3136224286450178
133200.0,1,0.00584098969233664,0.6755777491643451,2.3136224286450178
133200.0,1,0.00584098969233664,0.6755777491643451,2.3136224286450178
133200.0,2,0.00584098969233664,0.6755777491643451,2.3136224286450178
133200.0,2,0.00584098969233664,0.6755777491643451,2.3136224286450178
133200.0,3,0.00584098969233664,0.6755777491643451,2.3136224286450178
133200.0,3,0.00584098969233664,0.6755777491643451,2.3136224286450178
136800.0,0,0.0021468048627094703,0.2483027146832955,0.8503517626140258
136800.0,0,0.0021468048627094703,0.2483027146832955,0.8503517626140258
136800.0,1,0.0021468048627094703,0.2483027146832955,0.8503517626140258
136800.0,1,0.0021468048627094703,0.2483027146832955,0.8503517626140258
136800.0,2,0.0021468048627094703,0.2483027146832955,0.8503517626140258
136800.0,2,0.0021468048627094703,0.2483027146832955,0.8503517626140258
136800.0,3,0.0021468048627094703,0.2483027146832955,0.8503517626140258
136800.0,3,0.0021468048627094703,0.2483027146832955,0.8503517626140258
140400.0,0,0.00010588390282362219,0.012246693199299725,0.04194073013458811
140400.0,0,0.00010588390282362219,0.012246693199299725,0.04194073013458811
140400.0,1,0.00010588390282362219,0.012246693199299725,0.04194073013458811
140400.0,1,0.00010588390282362219,0.012246693199299725,0.04194073013458811
140400.0,2,0.00010588390282362219,0.012246693199299725,0.04194073013458811
140400.0,2,0.00010588390282362219,0.012246693199299725,0.04194073013458811
140400.0,3,0.00010588390282362219,0.012246693199299725,0.04194073013458811
140400.0,3,0.00010588390282362219,0.012246693199299725,0.04194073013458811
144000.0,0,1.7523364990796723e-05,0.0020267790394836124,0.006941024107820591
144000.0,0,1.7523364990796723e-05,0.0020267790394836124,0.006941024107820591
144000.0,1,1.7523364990796723e-05,0.0020267790394836124,0.006941024107820591
144000.0,1,1.7523364990796723e-05,0.0020267790394836124,0.006941024107820591
144000.0,2,1.7523364990796723e-05,0.0020267790394836124,0.006941024107820591
144000.0,2,1.7523364990796723e-05,0.0020267790394836124,0.006941024107820591
144000.0,3,1.7523364990796723e-05,0.0020267790394836124,0.006941024107820591
144000.0,3,1.7523364990796723e-05,0.0020267790394836124,0.006941024107820591
147600.0,0,2.2946628786553017e-05,0.0026540419762883906,0.009089184850302709
147600.0,0,2.2946628786553017e-05,0.0026540419762883906,0.009089184850302709
147600.0,1,2.2946628786553017e-05,0.0026540419762883906,0.009089184850302709
147600.0,1,2.2946628786553017e-05,0.0026540419762883906,0.009089184850302709
147600.0,2,2.2946628786553017e-05,0.0026540419762883906,0.009089184850302709
147600.0,2,2.2946628786553017e-05,0.0026540419762883906,0.009089184850302709
147600.0,3,2.2946628786553017e-05,0.0026540419762883906,0.009089184850302709
147600.0,3,2.2946628786553017e-05,0.0026540419762883906,0.009089184850302709
151200.0,0,0.00022057030941497984,0.025511497368769377,0.08736814167386774
151200.0,0,0.00022057030941497984,0.025511497368769377,0.08736814167386774
151200.0,1,0.00022057030941497984,0.025511497368769377,0.08736814167386774
151200.0,1,0.00022057030941497984,0.025511497368769377,0.08736814167386774
151200.0,2,0.00022057030941497984,0.025511497368769377,0.08736814167386774
151200.0,2,0.00022057030941497984,0.025511497368769377,0.08736814167386774
151200.0,3,0.00022057030941497984,0.025511497368769377,0.08736814167386774
151200.0,3,0.00022057030941497984,0.025511497368769377,0.08736814167386774
154800.0,0,0.003719785819632904,0.430236083911961,1.4734112462738391
154800.0,0,0.003719785819632904,0.430236083911961,1.4734112462738391
154800.0,1,0.003719785819632904,0.430236083911961,1.4734112462738391
154800.0,1,0.003719785819632904,0.430236083911961,1.4734112462738391
154800.0,2,0.003719785819632904,0.430236083911961,1.4734112462738391
154800.0,2,0.003719785819632904,0.430236083911961,1.4734112462738391
154800.0,3,0.003719785819632904,0.430236083911961,1.4734112462738391
154800.0,3,0.003719785819632904,0.430236083911961,1.4734112462738391
158400.0,0,0.00594937060365369,0.688113250162749,2.3565522265847574
158400.0,0,0.00594937060365369,0.688113250162749,2.3565522265847574
158400.0,1,0.00594937060365369,0.688113250162749,2.3565522265847574
158400.0,1,0.00594937060365369,0.688113250162749,2.3565522265847574
158400.0,2,0.00594937060365369,0.688113250162749,2.3565522265847574
158400.0,2,0.00594937060365369,0.688113250162749,2.3565522265847574
158400.0,3,0.00594937060365369,0.688113250162749,2.3565522265847574
158400.0,3,0.00594937060365369,0.688113250162749,2.3565522265847574
162000.0,0,0.005998771376702842,0.693827018688537,2.3761199270155378
162000.0,0,0.005998771376702842,0.693827018688537,2.3761199270155378
162000.0,1,0.005998771376702842,0.693827018688537,2.3761199270155378
162000.0,1,0.005998771376702842,0.693827018688537,2.3761199270155378
162000.0,2,0.005998771376702842,0.693827018688537,2.3761199270155378
162000.0,2,0.005998771376702842,0.693827018688537,2.3761199270155378
162000.0,3,0.005998771376702842,0.693827018688537,2.3761199270155378
162000.0,3,0.005998771376702842,0.693827018688537,2.3761199270155378
165600.0,0,0.005999868933589742,0.6939539637869343,2.3765546705032
165600.0,0,0.005999868933589742,0.6939539637869343,2.3765546705032
165600.0,1,0.005999868933589742,0.6939539637869343,2.3765546705032
165600.0,1,0.005999868933589742,0.6939539637869343,2.3765546705032
165600.0,2,0.005999868933589742,0.6939539637869343,2.3765546705032
165600.0,2,0.005999868933589742,0.6939539637869343,2.3765546705032
165600.0,3,0.005999868933589742,0.6939539637869343,2.3765546705032
165600.0,3,0.005999868933589742,0.6939539637869343,2.3765546705032
169200.0,0,0.00599989060899218,0.6939564707969382,2.3765632561538985
169200.0,0,0.00599989060899218,0.6939564707969382,2.3765632561538985
169200.0,1,0.00599989060899218,0.6939564707969382,2.3765632561538985
169200.0,1,0.00599989060899218,0.6939564707969382,2.3765632561538985
169200.0,2,0.00599989060899218,0.6939564707969382,2.3765632561538985
169200.0,2,0.00599989060899218,0.6939564707969382,2.3765632561538985
169200.0,3,0.00599989060899218,0.6939564707969382,2.3765632561538985
169200.0,3,0.00599989060899218,0.6939564707969382,2.3765632561538985
172800.0,0,0.005999245952904239,0.6938819088935938,2.376307907169842
172800.0,0,0.005999245952904239,0.6938819088935938,2.376307907169842
172800.0,1,0.005999245952904239,0.6938819088935938,2.376307907169842
172800.0,1,0.005999245952904239,0.6938819088935938,2.376307907169842
172800.0,2,0.005999245952904239,0.6938819088935938,2.376307907169842
172800.0,2,0.005999245952904239,0.6938819088935938,2.376307907169842
172800.0,3,0.005999245952904239,0.6938819088935938,2.376307907169842
172800.0,3,0.005999245952904239,0.6938819088935938,2.376307907169842
176400.0,0,0.005973444579073263,0.690897682764767,2.36608795467386
176400.0,0,0.005973444579073263,0.690897682764767,2.36608795467386
176400.0,1,0.005973444579073263,0.690897682764767,2.36608795467386
176400.0,1,0.005973444579073263,0.690897682764767,2.36608795467386
176400.0,2,0.005973444579073263,0.690897682764767,2.36608795467386
176400.0,2,0.005973444579073263,0.690897682764767,2.36608795467386
176400.0,3,0.005973444579073263,0.690897682764767,2.36608795467386
176400.0,3,0.005973444579073263,0.690897682764767,2.36608795467386
180000.0,0,0.00450578568388658,0.5211460233410025,1.7847466552774056
180000.0,0,0.00450578568388658,0.5211460233410025,1.7847466552774056
180000.0,1,0.00450578568388658,0.5211460233410025,1.7847466552774056
180000.0,1,0.00450578568388658,0.5211460233410025,1.7847466552774056
180000.0,2,0.00450578568388658,0.5211460233410025,1.7847466552774056
180000.0,2,0.00450578568388658,0.5211460233410025,1.7847466552774056
180000.0,3,0.00450578568388658,0.5211460233410025,1.7847466552774056
180000.0,3,0.00450578568388658,0.5211460233410025,1.7847466552774056
183600.0,0,0.0003205505136565508,0.03707535981337017,0.12697041031976086
183600.0,0,0.0003205505136565508,0.03707535981337017,0.12697041031976086
183600.0,1,0.0003205505136565508,0.03707535981337017,0.12697041031976086
183600.0,1,0.0003205505136565508,0.03707535981337017,0.12697041031976086
183600.0,2,0.0003205505136565508,0.03707535981337017,0.12697041031976086
183600.0,2,0.0003205505136565508,0.03707535981337017,0.12697041031976086
183600.0,3,0.0003205505136565508,0.03707535981337017,0.12697041031976086
183600.0,3,0.0003205505136565508,0.03707535981337017,0.12697041031976086
187200.0,0,2.3967823839055e-05,0.0027721549488095025,0.009493681331539392
187200.0,0,2.3967823839055e-05,0.0027721549488095025,0.009493681331539392
187200.0,1,2.3967823839055e-05,0.0027721549488095025,0.009493681331539392
187200.0,1,2.3967823839055e-05,0.0027721549488095025,0.009493681331539392
187200.0,2,2.3967823839055e-05,0.0027721549488095025,0.009493681331539392
187200.0,2,2.3967823839055e-05,0.0027721549488095025,0.009493681331539392
187200.0,3,2.3967823839055e-05,0.0027721549488095025,0.009493681331539392
187200.0,3,2.3967823839055e-05,0.0027721549488095025,0.009493681331539392
190800.0,0,1.2647854089080934e-05,0.0014628700352734495,0.005009828887922773
190800.0,0,1.2647854089080934e-05,0.0014628700352734495,0.005009828887922773
190800.0,1,1.2647854089080934e-05,0.0014628700352734495,0.005009828887922773
190800.0,1,1.2647854089080934e-05,0.0014628700352734495,0.005009828887922773
190800.0,2,1.2647854089080934e-05,0.0014628700352734495,0.005009828887922773
190800.0,2,1.2647854089080934e-05,0.0014628700352734495,0.005009828887922773
190800.0,3,1.2647854089080934e-05,0.0014628700352734495,0.005009828887922773
190800.0,3,1.2647854089080934e-05,0.0014628700352734495,0.005009828887922773
194400.0,0,5.798554742583103e-05,0.0067066965835261005,0.022968138984678428
194400.0,0,5.798554742583103e-05,0.0067066965835261005,0.022968138984678428
194400.0,1,5.798554742583103e-05,0.0067066965835261005,0.022968138984678428
194400.0,1,5.798554742583103e-05,0.0067066965835261005,0.022968138984678428
194400.0,2,5.798554742583103e-05,0.0067066965835261005,0.022968138984678428
194400.0,2,5.798554742583103e-05,0.0067066965835261005,0.022968138984678428
194400.0,3,5.798554742583103e-05,0.0067066965835261005,0.022968138984678428
194400.0,3,5.798554742583103e-05,0.0067066965835261005,0.022968138984678428
198000.0,0,0.001280557518406862,0.1481112296937995,0.5072302386773956
198000.0,0,0.001280557518406862,0.1481112296937995,0.5072302386773956
198000.0,1,0.001280557518406862,0.1481112296937995,0.5072302386773956
198000.0,1,0.001280557518406862,0.1481112296937995,0.5072302386773956
198000.0,2,0.001280557518406862,0.1481112296937995,0.5072302386773956
198000.0,2,0.001280557518406862,0.1481112296937995,0.5072302386773956
198000.0,3,0.001280557518406862,0.1481112296937995,0.5072302386773956
198000.0,3,0.001280557518406862,0.1481112296937995,0.5072302386773956
201600.0,0,0.005711912400176641,0.6606484732883597,2.262494771535479
201600.0,0,0.005711912400176641,0.6606484732883597,2.262494771535479
201600.0,1,0.005711912400176641,0.6606484732883597,2.262494771535479
201600.0,1,0.005711912400176641,0.6606484732883597,2.262494771535479
201600.0,2,0.005711912400176641,0.6606484732883597,2.262494771535479
201600.0,2,0.005711912400176641,0.6606484732883597,2.262494771535479
201600.0,3,0.005711912400176641,0.6606484732883597,2.262494771535479
201600.0,3,0.005711912400176641,0.6606484732883597,2.262494771535479
205200.0,0,0.005995389952287871,0.6934359179991739,2.374780541093062
205200.0,0,0.005995389952287871,0.6934359179991739,2.374780541093062
205200.0,1,0.005995389952287871,0.6934359179991739,2.374780541093062
205200.0,1,0.005995389952287871,0.6934359179991739,2.374780541093062
205200.0,2,0.005995389952287871,0.6934359179991739,2.374780541093062
205200.0,2,0.005995389952287871,0.6934359179991739,2.374780541093062
205200.0,3,0.005995389952287871,0.6934359179991739,2.374780541093062
205200.0,3,0.005995389952287871,0.6934359179991739,2.374780541093062
208800.0,0,0.005999775944717075,0.6939432085525301,2.376517837508665
208800.0,0,0.005999775944717075,0.6939432085525301,2.376517837508665
208800.0,1,0.005999775944717075,0.6939432085525301,2.376517837508665
208800.0,1,0.005999775944717075,0.6939432085525301,2.376517837508665
208800.0,2,0.005999775944717075,0.6939432085525301,2.376517837508665
208800.0,2,0.005999775944717075,0.6939432085525301,2.376517837508665
208800.0,3,0.005999775944717075,0.6939432085525301,2.376517837508665
208800.0,3,0.005999775944717075,0.6939432085525301,2.376517837508665
212400.0,0,0.0059999256502644175,0.6939605237237663,2.3765771360402956
212400.0,0,0.0059999256502644175,0.6939605237237663,2.3765771360402956
212400.0,1,0.0059999256502644175,0.6939605237237663,2.3765771360402956
212400.0,1,0.0059999256502644175,0.6939605237237663,2.3765771360402956
212400.0,2,0.0059999256502644175,0.6939605237237663,2.3765771360402956
212400.0,2,0.0059999256502644175,0.6939605237237663,2.3765771360402956
212400.0,3,0.0059999256502644175,0.6939605237237663,2.3765771360402956
212400.0,3,0.0059999256502644175,0.6939605237237663,2.3765771360402956
216000.0,0,0.0059997763322929675,0.6939432533801472,2.3765179910279013
216000.0,0,0.0059997763322929675,0.6939432533801472,2.3765179910279013
216000.0,1,0.0059997763322929675,0.6939432533801472,2.3765179910279013
216000.0,1,0.0059997763322929675,0.6939432533801472,2.3765179910279013
216000.0,2,0.0059997763322929675,0.6939432533801472,2.3765179910279013
216000.0,2,0.0059997763322929675,0.6939432533801472,2.3765179910279013
216000.0,3,0.0059997763322929675,0.6939432533801472,2.3765179910279013
216000.0,3,0.0059997763322929675,0.6939432533801472,2.3765179910279013
219600.0,0,0.0059953460621630815,0.6934308416006049,2.3747631561664555
219600.0,0,0.0059953460621630815,0.6934308416006049,2.3747631561664555
219600.0,1,0.0059953460621630815,0.6934308416006049,2.3747631561664555
219600.0,1,0.0059953460621630815,0.6934308416006049,2.3747631561664555
219600.0,2,0.0059953460621630815,0.6934308416006049,2.3747631561664555
219600.0,2,0.0059953460621630815,0.6934308416006049,2.3747631561664555
219600.0,3,0.0059953460621630815,0.6934308416006049,2.3747631561664555
219600.0,3,0.0059953460621630815,0.6934308416006049,2.3747631561664555
223200.0,0,0.005700685447660518,0.6593499468895255,2.258047763320293
223200.0,0,0.005700685447660518,0.6593499468895255,2.258047763320293
223200.0,1,0.005700685447660518,0.6593499468895255,2.258047763320293
223200.0,1,0.005700685447660518,0.6593499468895255,2.258047763320293
223200.0,2,0.005700685447660518,0.6593499468895255,2.258047763320293
223200.0,2,0.005700685447660518,0.6593499468895255,2.258047763320293
223200.0,3,0.005700685447660518,0.6593499468895255,2.258047763320293
223200.0,3,0.005700685447660518,0.6593499468895255,2.258047763320293
226800.0,0,0.0011955082372755524,0.13827430051891673,0.4735421250647833
226800.0,0,0.0011955082372755524,0.13827430051891673,0.4735421250647833
226800.0,1,0.0011955082372755524,0.13827430051891673,0.4735421250647833
226800.0,1,0.0011955082372755524,0.13827430051891673,0.4735421250647833
226800.0,2,0.0011955082372755524,0.13827430051891673,0.4735421250647833
226800.0,2,0.0011955082372755524,0.13827430051891673,0.4735421250647833
226800.0,3,0.0011955082372755524,0.13827430051891673,0.4735421250647833
226800.0,3,0.0011955082372755524,0.13827430051891673,0.4735421250647833
230400.0,0,5.0753682684518095e-05,0.005870248111342151,0.02010358942240463
230400.0,0,5.0753682684518095e-05,0.005870248111342151,0.02010358942240463
230400.0,1,5.0753682684518095e-05,0.005870248111342151,0.02010358942240463
230400.0,1,5.0753682684518095e-05,0.005870248111342151,0.02010358942240463
230400.0,2,5.0753682684518095e-05,0.005870248111342151,0.02010358942240463
230400.0,2,5.0753682684518095e-05,0.005870248111342151,0.02010358942240463
230400.0,3,5.0753682684518095e-05,0.005870248111342151,0.02010358942240463
230400.0,3,5.0753682684518095e-05,0.005870248111342151,0.02010358942240463
234000.0,0,1.0745219204976771e-05,0.0012428083915812741,0.004256193121853678
234000.0,0,1.0745219204976771e-05,0.0012428083915812741,0.004256193121853678
234000.0,1,1.0745219204976771e-05,0.0012428083915812741,0.004256193121853678
234000.0,1,1.0745219204976771e-05,0.0012428083915812741,0.004256193121853678
234000.0,2,1.0745219204976771e-05,0.0012428083915812741,0.004256193121853678
234000.0,2,1.0745219204976771e-05,0.0012428083915812741,0.004256193121853678
234000.0,3,1.0745219204976771e-05,0.0012428083915812741,0.004256193121853678
234000.0,3,1.0745219204976771e-05,0.0012428083915812741,0.004256193121853678
237600.0,0,2.0557999616565893e-05,0.0023777694945263743,0.00814304621413142
237600.0,0,2.0557999616565893e-05,0.0023777694945263743,0.00814304621413142
237600.0,1,2.0557999616565893e-05,0.0023777694945263743,0.00814304621413142
237600.0,1,2.0557999616565893e-05,0.0023777694945263743,0.00814304621413142
237600.0,2,2.0557999616565893e-05,0.0023777694945263743,0.00814304621413142
237600.0,2,2.0557999616565893e-05,0.0023777694945263743,0.00814304621413142
237600.0,3,2.0557999616565893e-05,0.0023777694945263743,0.00814304621413142
237600.0,3,2.0557999616565893e-05,0.0023777694945263743,0.00814304621413142
241200.0,0,0.0002926029638461981,0.033842903707462645,0.11590035516254332
241200.0,0,0.0002926029638461981,0.033842903707462645,0.11590035516254332
241200.0,1,0.0002926029638461981,0.033842903707462645,0.11590035516254332
241200.0,1,0.0002926029638461981,0.033842903707462645,0.11590035516254332
241200.0,2,0.0002926029638461981,0.033842903707462645,0.11590035516254332
241200.0,2,0.0002926029638461981,0.033842903707462645,0.11590035516254332
241200.0,3,0.0002926029638461981,0.033842903707462645,0.11590035516254332
241200.0,3,0.0002926029638461981,0.033842903707462645,0.11590035516254332
244800.0,0,0.004512488765100393,0.5219213119063691,1.7874017531040043
244800.0,0,0.004512488765100393,0.5219213119063691,1.7874017531040043
244800.0,1,0.004512488765100393,0.5219213119063691,1.7874017531040043
244800.0,1,0.004512488765100393,0.5219213119063691,1.7874017531040043
244800.0,2,0.004512488765100393,0.5219213119063691,1.7874017531040043
244800.0,2,0.004512488765100393,0.5219213119063691,1.7874017531040043
244800.0,3,0.004512488765100393,0.5219213119063691,1.7874017531040043
244800.0,3,0.004512488765100393,0.5219213119063691,1.7874017531040043
248400.0,0,0.005976710295040712,0.6912754004391525,2.367381508353262
248400.0,0,0.005976710295040712,0.6912754004391525,2.367381508353262
248400.0,1,0.005976710295040712,0.6912754004391525,2.367381508353262
248400.0,1,0.005976710295040712,0.6912754004391525,2.367381508353262
248400.0,2,0.005976710295040712,0.6912754004391525,2.367381508353262
248400.0,2,0.005976710295040712,0.6912754004391525,2.367381508353262
248400.0,3,0.005976710295040712,0.6912754004391525,2.367381508353262
248400.0,3,0.005976710295040712,0.6912754004391525,2.367381508353262
252000.0,0,0.005999411806089184,0.6939010917251477,2.376373601798451
252000.0,0,0.005999411806089184,0.6939010917251477,2.376373601798451
252000.0,1,0.005999411806089184,0.6939010917251477,2.376373601798451
252000.0,1,0.005999411806089184,0.6939010917251477,2.376373601798451
252000.0,2,0.005999411806089184,0.6939010917251477,2.376373601798451
252000.0,2,0.005999411806089184,0.6939010917251477,2.376373601798451
252000.0,3,0.005999411806089184,0.6939010917251477,2.376373601798451
252000.0,3,0.005999411806089184,0.6939010917251477,2.376373601798451
255600.0,0,0.005999920523438378,0.6939599307472711,2.376575105298874
255600.0,0,0.005999920523438378,0.6939599307472711,2.376575105298874
255600.0,1,0.005999920523438378,0.6939599307472711,2.376575105298874
255600.0,1,0.005999920523438378,0.6939599307472711,2.376575105298874
255600.0,2,0.005999920523438378,0.6939599307472711,2.376575105298874
255600.0,2,0.005999920523438378,0.6939599307472711,2.376575105298874
255600.0,3,0.005999920523438378,0.6939599307472711,2.376575105298874
255600.0,3,0.005999920523438378,0.6939599307472711,2.376575105298874
259200.0,0,0.005999904419716277,0.6939580681662868,2.3765687265968727
259200.0,0,0.005999904419716277,0.6939580681662868,2.3765687265968727
259200.0,1,0.005999904419716277,0.6939580681662868,2.3765687265968727
259200.0,1,0.005999904419716277,0.6939580681662868,2.3765687265968727
259200.0,2,0.005999904419716277,0.6939580681662868,2.3765687265968727
259200.0,2,0.005999904419716277,0.6939580681662868,2.3765687265968727
259200.0,3,0.005999904419716277,0.6939580681662868,2.3765687265968727
259200.0,3,0.005999904419716277,0.6939580681662868,2.3765687265968727
262800.0,0,0.005999019455317956,0.6938557118383698,2.376218191227294
262800.0,0,0.005999019455317956,0.6938557118383698,2.376218191227294
262800.0,1,0.005999019455317956,0.6938557118383698,2.376218191227294
262800.0,1,0.005999019455317956,0.6938557118383698,2.376218191227294
262800.0,2,0.005999019455317956,0.6938557118383698,2.376218191227294
262800.0,2,0.005999019455317956,0.6938557118383698,2.376218191227294
262800.0,3,0.005999019455317956,0.6938557118383698,2.376218191227294
262800.0,3,0.005999019455317956,0.6938557118383698,2.376218191227294
266400.0,0,0.005952339139720806,0.6884565955579938,2.3577280669794307
266400.0,0,0.005952339139720806,0.6884565955579938,2.3577280669794307
266400.0,1,0.005952339139720806,0.6884565955579938,2.3577280669794307
266400.0,1,0.005952339139720806,0.6884565955579938,2.3577280669794307
266400.0,2,0.005952339139720806,0.6884565955579938,2.3577280669794307
266400.0,2,0.005952339139720806,0.6884565955579938,2.3577280669794307
266400.0,3,0.005952339139720806,0.6884565955579938,2.3577280669794307
266400.0,3,0.005952339139720806,0.6884565955579938,2.3577280669794307
270000.0,0,0.003514379464931065,0.4064784726024282,1.392049563706946
270000.0,0,0.003514379464931065,0.4064784726024282,1.392049563706946
270000.0,1,0.003514379464931065,0.4064784726024282,1.392049563706946
270000.0,1,0.003514379464931065,0.4064784726024282,1.392049563706946
270000.0,2,0.003514379464931065,0.4064784726024282,1.392049563706946
270000.0,2,0.003514379464931065,0.4064784726024282,1.392049563706946
270000.0,3,0.003514379464931065,0.4064784726024282,1.392049563706946
270000.0,3,0.003514379464931065,0.4064784726024282,1.392049563706946
273600.0,0,0.00015941300149210065,0.01843795014342559,0.06314366487474517
273600.0,0,0.00015941300149210065,0.01843795014342559,0.06314366487474517
273600.0,1,0.00015941300149210065,0.01843795014342559,0.06314366487474517
273600.0,1,0.00015941300149210065,0.01843795014342559,0.06314366487474517
273600.0,2,0.00015941300149210065,0.01843795014342559,0.06314366487474517
273600.0,2,0.00015941300149210065,0.01843795014342559,0.06314366487474517
273600.0,3,0.00015941300149210065,0.01843795014342559,0.06314366487474517
273600.0,3,0.00015941300149210065,0.01843795014342559,0.06314366487474517
277200.0,0,1.4484771111263308e-05,0.0016753306511303483,0.005737433736747769
277200.0,0,1.4484771111263308e-05,0.0016753306511303483,0.005737433736747769
277200.0,1,1.4484771111263308e-05,0.0016753306511303483,0.005737433736747769
277200.0,1,1.4484771111263308e-05,0.0016753306511303483,0.005737433736747769
277200.0,2,1.4484771111263308e-05,0.0016753306511303483,0.005737433736747769
277200.0,2,1.4484771111263308e-05,0.0016753306511303483,0.005737433736747769
277200.0,3,1.4484771111263308e-05,0.0016753306511303483,0.005737433736747769
277200.0,3,1.4484771111263308e-05,0.0016753306511303483,0.005737433736747769
280800.0,0,1.0858375025654294e-05,0.0012558961658566614,0.0043010142666324025
280800.0,0,1.0858375025654294e-05,0.0012558961658566614,0.0043010142666324025
280800.0,1,1.0858375025654294e-05,0.0012558961658566614,0.0043010142666324025
280800.0,1,1.0858375025654294e-05,0.0012558961658566614,0.0043010142666324025
280800.0,2,1.0858375025654294e-05,0.0012558961658566614,0.0043010142666324025
280800.0,2,1.0858375025654294e-05,0.0012558961658566614,0.0043010142666324025
280800.0,3,1.0858375025654294e-05,0.0012558961658566614,0.0043010142666324025
280800.0,3,1.0858375025654294e-05,0.0012558961658566614,0.0043010142666324025
284400.0,0,7.331201896873704e-05,0.0084793795864036,0.029038971186313697
284400.0,0,7.331201896873704e-05,0.0084793795864036,0.029038971186313697
284400.0,1,7.331201896873704e-05,0.0084793795864036,0.029038971186313697
284400.0,1,7.331201896873704e-05,0.0084793795864036,0.029038971186313697
284400.0,2,7.331201896873704e-05,0.0084793795864036,0.029038971186313697
284400.0,2,7.331201896873704e-05,0.0084793795864036,0.029038971186313697
284400.0,3,7.331201896873704e-05,0.0084793795864036,0.029038971186313697
284400.0,3,7.331201896873704e-05,0.0084793795864036,0.029038971186313697
288000.0,0,0.0019348135104258967,0.22378347254083086,0.7663817552768181
288000.0,0,0.0019348135104258967,0.22378347254083086,0.7663817552768181
288000.0,1,0.0019348135104258967,0.22378347254083086,0.7663817552768181
288000.0,1,0.0019348135104258967,0.22378347254083086,0.7663817552768181
288000.0,2,0.0019348135104258967,0.22378347254083086,0.7663817552768181
288000.0,2,0.0019348135104258967,0.22378347254083086,0.7663817552768181
288000.0,3,0.0019348135104258967,0.22378347254083086,0.7663817552768181
288000.0,3,0.0019348135104258967,0.22378347254083086,0.7663817552768181
291600.0,0,0.005858543811270293,0.6776080852516215,2.3205756344233617
291600.0,0,0.005858543811270293,0.6776080852516215,2.3205756344233617
291600.0,1,0.005858543811270293,0.6776080852516215,2.3205756344233617
291600.0,1,0.005858543811270293,0.6776080852516215,2.3205756344233617
291600.0,2,0.005858543811270293,0.6776080852516215,2.3205756344233617
291600.0,2,0.005858543811270293,0.6776080852516215,2.3205756344233617
291600.0,3,0.005858543811270293,0.6776080852516215,2.3205756344233617
291600.0,3,0.005858543811270293,0.6776080852516215,2.3205756344233617
295200.0,0,0.005997746362199496,0.6937084639525236,2.375713917645629
295200.0,0,0.005997746362199496,0.6937084639525236,2.375713917645629
295200.0,1,0.005997746362199496,0.6937084639525236,2.375713917645629
295200.0,1,0.005997746362199496,0.6937084639525236,2.375713917645629
295200.0,2,0.005997746362199496,0.6937084639525236,2.375713917645629
295200.0,2,0.005997746362199496,0.6937084639525236,2.375713917645629
295200.0,3,0.005997746362199496,0.6937084639525236,2.375713917645629
295200.0,3,0.005997746362199496,0.6937084639525236,2.375713917645629
298800.0,0,0.005999865036989119,0.6939535131001815,2.3765531270554163
298800.0,0,0.005999865036989119,0.6939535131001815,2.3765531270554163
298800.0,1,0.005999865036989119,0.6939535131001815,2.3765531270554163
298800.0,1,0.005999865036989119,0.6939535131001815,2.3765531270554163
298800.0,2,0.005999865036989119,0.6939535131001815,2.3765531270554163
298800.0,2,0.005999865036989119,0.6939535131001815,2.3765531270554163
298800.0,3,0.005999865036989119,0.6939535131001815,2.3765531270554163
298800.0,3,0.005999865036989119,0.6939535131001815,2.3765531270554163
302400.0,0,0.005999936978106696,0.6939618339192284,2.3765816230110564
302400.0,0,0.005999936978106696,0.6939618339192284,2.3765816230110564
302400.0,1,0.005999936978106696,0.6939618339192284,2.3765816230110564
302400.0,1,0.005999936978106696,0.6939618339192284,2.3765816230110564
302400.0,2,0.005999936978106696,0.6939618339192284,2.3765816230110564
302400.0,2,0.005999936978106696,0.6939618339192284,2.3765816230110564
302400.0,3,0.005999936978106696,0.6939618339192284,2.3765816230110564
302400.0,3,0.005999936978106696,0.6939618339192284,2.3765816230110564
306000.0,0,0.00599972187697632,0.6939369549954233,2.3764964212172033
306000.0,0,0.00599972187697632,0.6939369549954233,2.3764964212172033
306000.0,1,0.00599972187697632,0.6939369549954233,2.3764964212172033
306000.0,1,0.00599972187697632,0.6939369549954233,2.3764964212172033
306000.0,2,0.00599972187697632,0.6939369549954233,2.3764964212172033
306000.0,2,0.00599972187697632,0.6939369549954233,2.3764964212172033
306000.0,3,0.00599972187697632,0.6939369549954233,2.3764964212172033
306000.0,3,0.00599972187697632,0.6939369549954233,2.3764964212172033
309600.0,0,0.005992007286610074,0.693044673743465,2.373440663505017
309600.0,0,0.005992007286610074,0.693044673743465,2.373440663505017
309600.0,1,0.005992007286610074,0.693044673743465,2.373440663505017
309600.0,1,0.005992007286610074,0.693044673743465,2.373440663505017
309600.0,2,0.005992007286610074,0.693044673743465,2.373440663505017
309600.0,2,0.005992007286610074,0.693044673743465,2.373440663505017
309600.0,3,0.005992007286610074,0.693044673743465,2.373440663505017
309600.0,3,0.005992007286610074,0.693044673743465,2.373440663505017
313200.0,0,0.005415823679531286,0.6264024016493394,2.1452137042785595
313200.0,0,0.005415823679531286,0.6264024016493394,2.1452137042785595
313200.0,1,0.005415823679531286,0.6264024016493394,2.1452137042785595
313200.0,1,0.005415823679531286,0.6264024016493394,2.1452137042785595
313200.0,2,0.005415823679531286,0.6264024016493394,2.1452137042785595
313200.0,2,0.005415823679531286,0.6264024016493394,2.1452137042785595
313200.0,3,0.005415823679531286,0.6264024016493394,2.1452137042785595
313200.0,3,0.005415823679531286,0.6264024016493394,2.1452137042785595
316800.0,0,0.0006556455441588865,0.07583296056037012,0.25970191972729495
316800.0,0,0.0006556455441588865,0.07583296056037012,0.25970191972729495
316800.0,1,0.0006556455441588865,0.07583296056037012,0.25970191972729495
316800.0,1,0.0006556455441588865,0.07583296056037012,0.25970191972729495
316800.0,2,0.0006556455441588865,0.07583296056037012,0.25970191972729495
316800.0,2,0.0006556455441588865,0.07583296056037012,0.25970191972729495
316800.0,3,0.0006556455441588865,0.07583296056037012,0.25970191972729495
316800.0,3,0.0006556455441588865,0.07583296056037012,0.25970191972729495
320400.0,0,3.0663306398680524e-05,0.0035465646422790046,0.012145769322873303
320400.0,0,3.0663306398680524e-05,0.0035465646422790046,0.012145769322873303
320400.0,1,3.0663306398680524e-05,0.0035465646422790046,0.012145769322873303
320400.0,1,3.0663306398680524e-05,0.0035465646422790046,0.012145769322873303
320400.0,2,3.0663306398680524e-05,0.0035465646422790046,0.012145769322873303
320400.0,2,3.0663306398680524e-05,0.0035465646422790046,0.012145769322873303
320400.0,3,3.0663306398680524e-05,0.0035465646422790046,0.012145769322873303
320400.0,3,3.0663306398680524e-05,0.0035465646422790046,0.012145769322873303
324000.0,0,9.032501522041182e-06,0.0010447128601493879,0.00357778376763489
324000.0,0,9.032501522041182e-06,0.0010447128601493879,0.00357778376763489
324000.0,1,9.032501522041182e-06,0.0010447128601493879,0.00357778376763489
324000.0,1,9.032501522041182e-06,0.0010447128601493879,0.00357778376763489
324000.0,2,9.032501522041182e-06,0.0010447128601493879,0.00357778376763489
324000.0,2,9.032501522041182e-06,0.0010447128601493879,0.00357778376763489
324000.0,3,9.032501522041182e-06,0.0010447128601493879,0.00357778376763489
324000.0,3,9.032501522041182e-06,0.0010447128601493879,0.00357778376763489
327600.0,0,2.519467600150136e-05,0.002914054535372778,0.009979638819769788
327600.0,0,2.519467600150136e-05,0.002914054535372778,0.009979638819769788
327600.0,1,2.519467600150136e-05,0.002914054535372778,0.009979638819769788
327600.0,1,2.519467600150136e-05,0.002914054535372778,0.009979638819769788
327600.0,2,2.519467600150136e-05,0.002914054535372778,0.009979638819769788
327600.0,2,2.519467600150136e-05,0.002914054535372778,0.009979638819769788
327600.0,3,2.519467600150136e-05,0.002914054535372778,0.009979638819769788
327600.0,3,2.519467600150136e-05,0.002914054535372778,0.009979638819769788
331200.0,0,0.0004792498520580446,0.05543076659859631,0.1898313924609463
331200.0,0,0.0004792498520580446,0.05543076659859631,0.1898313924609463
331200.0,1,0.0004792498520580446,0.05543076659859631,0.1898313924609463
331200.0,1,0.0004792498520580446,0.05543076659859631,0.1898313924609463
331200.0,2,0.0004792498520580446,0.05543076659859631,0.1898313924609463
331200.0,2,0.0004792498520580446,0.05543076659859631,0.1898313924609463
331200.0,3,0.0004792498520580446,0.05543076659859631,0.1898313924609463
331200.0,3,0.0004792498520580446,0.05543076659859631,0.1898313924609463
334800.0,0,0.005161993878462373,0.5970440609041139,2.044671441452445
334800.0,0,0.005161993878462373,0.5970440609041139,2.044671441452445
334800.0,1,0.005161993878462373,0.5970440609041139,2.044671441452445
334800.0,1,0.005161993878462373,0.5970440609041139,2.044671441452445
334800.0,2,0.005161993878462373,0.5970440609041139,2.044671441452445
334800.0,2,0.005161993878462373,0.5970440609041139,2.044671441452445
334800.0,3,0.005161993878462373,0.5970440609041139,2.044671441452445
334800.0,3,0.005161993878462373,0.5970440609041139,2.044671441452445
338400.0,0,0.005988428040673416,0.6926306927161118,2.372022920260657
338400.0,0,0.005988428040673416,0.6926306927161118,2.372022920260657
338400.0,1,0.005988428040673416,0.6926306927161118,2.372022920260657
338400.0,1,0.005988428040673416,0.6926306927161118,2.372022920260657
338400.0,2,0.005988428040673416,0.6926306927161118,2.372022920260657
338400.0,2,0.005988428040673416,0.6926306927161118,2.372022920260657
338400.0,3,0.005988428040673416,0.6926306927161118,2.372022920260657
338400.0,3,0.005988428040673416,0.6926306927161118,2.372022920260657
342000.0,0,0.005999646148858381,0.6939281961661563,2.3764664252265626
342000.0,0,0.005999646148858381,0.6939281961661563,2.3764664252265626
342000.0,1,0.005999646148858381,0.6939281961661563,2.3764664252265626
342000.0,1,0.005999646148858381,0.6939281961661563,2.3764664252265626
342000.0,2,0.005999646148858381,0.6939281961661563,2.3764664252265626
342000.0,2,0.005999646148858381,0.6939281961661563,2.3764664252265626
342000.0,3,0.005999646148858381,0.6939281961661563,2.3764664252265626
342000.0,3,0.005999646148858381,0.6939281961661563,2.3764664252265626
345600.0,0,0.005999933647845543,0.6939614487361597,2.3765803038909583
345600.0,0,0.005999933647845543,0.6939614487361597,2.3765803038909583
345600.0,1,0.005999933647845543,0.6939614487361597,2.3765803038909583
345600.0,1,0.005999933647845543,0.6939614487361597,2.3765803038909583
345600.0,2,0.005999933647845543,0.6939614487361597,2.3765803038909583
345600.0,2,0.005999933647845543,0.6939614487361597,2.3765803038909583
345600.0,3,0.005999933647845543,0.6939614487361597,2.3765803038909583
345600.0,3,0.005999933647845543,0.6939614487361597,2.3765803038909583
349200.0,0,0.005999883891385913,0.6939556938283832,2.3765605953026823
349200.0,0,0.005999883891385913,0.6939556938283832,2.3765605953026823
349200.0,1,0.005999883891385913,0.6939556938283832,2.3765605953026823
349200.0,1,0.005999883891385913,0.6939556938283832,2.3765605953026823
349200.0,2,0.005999883891385913,0.6939556938283832,2.3765605953026823
349200.0,2,0.005999883891385913,0.6939556938283832,2.3765605953026823
349200.0,3,0.005999883891385913,0.6939556938283832,2.3765605953026823
349200.0,3,0.005999883891385913,0.6939556938283832,2.3765605953026823
352800.0,0,0.0059983553552871265,0.693778901019026,2.3759551404761163
352800.0,0,0.0059983553552871265,0.693778901019026,2.3759551404761163
352800.0,1,0.0059983553552871265,0.693778901019026,2.3759551404761163
352800.0,1,0.0059983553552871265,0.693778901019026,2.3759551404761163
352800.0,2,0.0059983553552871265,0.693778901019026,2.3759551404761163
352800.0,2,0.0059983553552871265,0.693778901019026,2.3759551404761163
352800.0,3,0.0059983553552871265,0.693778901019026,2.3759551404761163
352800.0,3,0.0059983553552871265,0.693778901019026,2.3759551404761163
356400.0,0,0.005904599336994596,0.6829349373852979,2.338818278716774
356400.0,0,0.005904599336994596,0.6829349373852979,2.338818278716774
356400.0,1,0.005904599336994596,0.6829349373852979,2.338818278716774
356400.0,1,0.005904599336994596,0.6829349373852979,2.338818278716774
356400.0,2,0.005904599336994596,0.6829349373852979,2.338818278716774
356400.0,2,0.005904599336994596,0.6829349373852979,2.338818278716774
356400.0,3,0.005904599336994596,0.6829349373852979,2.338818278716774
356400.0,3,0.005904599336994596,0.6829349373852979,2.338818278716774
360000.0,0,0.002475194603264189,0.28628477139941855,0.9804272993130773
360000.0,0,0.002475194603264189,0.28628477139941855,0.9804272993130773
360000.0,1,0.002475194603264189,0.28628477139941855,0.9804272993130773
360000.0,1,0.002475194603264189,0.28628477139941855,0.9804272993130773
360000.0,2,0.002475194603264189,0.28628477139941855,0.9804272993130773
360000.0,2,0.002475194603264189,0.28628477139941855,0.9804272993130773
360000.0,3,0.002475194603264189,0.28628477139941855,0.9804272993130773
360000.0,3,0.002475194603264189,0.28628477139941855,0.9804272993130773
363600.0,0,9.66183625071671e-05,0.011175026717847997,0.03827063944468492
363600.0,0,9.66183625071671e-05,0.011175026717847997,0.03827063944468492
363600.0,1,9.66183625071671e-05,0.011175026717847997,0.03827063944468492
363600.0,1,9.66183625071671e-05,0.011175026717847997,0.03827063944468492
363600.0,2,9.66183625071671e-05,0.011175026717847997,0.03827063944468492
363600.0,2,9.66183625071671e-05,0.011175026717847997,0.03827063944468492
363600.0,3,9.66183625071671e-05,0.011175026717847997,0.03827063944468492
363600.0,3,9.66183625071671e-05,0.011175026717847997,0.03827063944468492
367200.0,0,1.2020755383359147e-05,0.0013903388454527875,0.004761434402235574
367200.0,0,1.2020755383359147e-05,0.0013903388454527875,0.004761434402235574
367200.0,1,1.2020755383359147e-05,0.0013903388454527875,0.004761434402235574
367200.0,1,1.2020755383359147e-05,0.0013903388454527875,0.004761434402235574
367200.0,2,1.2020755383359147e-05,0.0013903388454527875,0.004761434402235574
367200.0,2,1.2020755383359147e-05,0.0013903388454527875,0.004761434402235574
367200.0,3,1.2020755383359147e-05,0.0013903388454527875,0.004761434402235574
367200.0,3,1.2020755383359147e-05,0.0013903388454527875,0.004761434402235574
370800.0,0,1.3093424067118421e-05,0.0015144053364318656,0.005186319645314609
370800.0,0,1.3093424067118421e-05,0.0015144053364318656,0.005186319645314609
370800.0,1,1.3093424067118421e-05,0.0015144053364318656,0.005186319645314609
370800.0,1,1.3093424067118421e-05,0.0015144053364318656,0.005186319645314609
370800.0,2,1.3093424067118421e-05,0.0015144053364318656,0.005186319645314609
370800.0,2,1.3093424067118421e-05,0.0015144053364318656,0.005186319645314609
370800.0,3,1.3093424067118421e-05,0.0015144053364318656,0.005186319645314609
370800.0,3,1.3093424067118421e-05,0.0015144053364318656,0.005186319645314609
374400.0,0,0.0001213769513259797,0.014038642746591183,0.04807754365270954
374400.0,0,0.0001213769513259797,0.014038642746591183,0.04807754365270954
374400.0,1,0.0001213769513259797,0.014038642746591183,0.04807754365270954
374400.0,1,0.0001213769513259797,0.014038642746591183,0.04807754365270954
374400.0,2,0.0001213769513259797,0.014038642746591183,0.04807754365270954
374400.0,2,0.0001213769513259797,0.014038642746591183,0.04807754365270954
374400.0,3,0.0001213769513259797,0.014038642746591183,0.04807754365270954
374400.0,3,0.0001213769513259797,0.014038642746591183,0.04807754365270954
378000.0,0,0.002937901654220854,0.3398021724689494,1.1637060700991417
378000.0,0,0.002937901654220854,0.3398021724689494,1.1637060700991417
378000.0,1,0.002937901654220854,0.3398021724689494,1.1637060700991417
378000.0,1,0.002937901654220854,0.3398021724689494,1.1637060700991417
378000.0,2,0.002937901654220854,0.3398021724689494,1.1637060700991417
378000.0,2,0.002937901654220854,0.3398021724689494,1.1637060700991417
378000.0,3,0.002937901654220854,0.3398021724689494,1.1637060700991417
378000.0,3,0.002937901654220854,0.3398021724689494,1.1637060700991417
381600.0,0,0.005929147408911098,0.6857742047090244,2.3485417969487137
381600.0,0,0.005929147408911098,0.6857742047090244,2.3485417969487137
381600.0,1,0.005929147408911098,0.6857742047090244,2.3485417969487137
381600.0,1,0.005929147408911098,0.6857742047090244,2.3485417969487137
381600.0,2,0.005929147408911098,0.6857742047090244,2.3485417969487137
381600.0,2,0.005929147408911098,0.6857742047090244,2.3485417969487137
381600.0,3,0.005929147408911098,0.6857742047090244,2.3485417969487137
381600.0,3,0.005929147408911098,0.6857742047090244,2.3485417969487137
385200.0,0,0.005998657788268795,0.6938138808775415,2.3760749345121286
385200.0,0,0.005998657788268795,0.6938138808775415,2.3760749345121286
385200.0,1,0.005998657788268795,0.6938138808775415,2.3760749345121286
385200.0,1,0.005998657788268795,0.6938138808775415,2.3760749345121286
385200.0,2,0.005998657788268795,0.6938138808775415,2.3760749345121286
385200.0,2,0.005998657788268795,0.6938138808775415,2.3760749345121286
385200.0,3,0.005998657788268795,0.6938138808775415,2.3760749345121286
385200.0,3,0.005998657788268795,0.6938138808775415,2.3760749345121286
388800.0,0,0.005999888937248935,0.6939562774405726,2.376562593974564
388800.0,0,0.005999888937248935,0.6939562774405726,2.376562593974564
388800.0,1,0.005999888937248935,0.6939562774405726,2.376562593974564
388800.0,1,0.005999888937248935,0.6939562774405726,2.376562593974564
388800.0,2,0.005999888937248935,0.6939562774405726,2.376562593974564
388800.0,2,0.005999888937248935,0.6939562774405726,2.376562593974564
388800.0,3,0.005999888937248935,0.6939562774405726,2.376562593974564
388800.0,3,0.005999888937248935,0.6939562774405726,2.376562593974564
392400.0,0,0.005999924448176694,0.6939603846884723,2.3765766598920286
392400.0,0,0.005999924448176694,0.6939603846884723,2.3765766598920286
392400.0,1,0.005999924448176694,0.6939603846884723,2.3765766598920286
392400.0,1,0.005999924448176694,0.6939603846884723,2.3765766598920286
392400.0,2,0.005999924448176694,0.6939603846884723,2.3765766598920286
392400.0,2,0.005999924448176694,0.6939603846884723,2.3765766598920286
392400.0,3,0.005999924448176694,0.6939603846884723,2.3765766598920286
392400.0,3,0.005999924448176694,0.6939603846884723,2.3765766598920286
396000.0,0,0.005999536645839968,0.6939155308805449,2.3764230509607707
396000.0,0,0.005999536645839968,0.6939155308805449,2.3764230509607707
396000.0,1,0.005999536645839968,0.6939155308805449,2.3764230509607707
396000.0,1,0.005999536645839968,0.6939155308805449,2.3764230509607707
396000.0,2,0.005999536645839968,0.6939155308805449,2.3764230509607707
396000.0,2,0.005999536645839968,0.6939155308805449,2.3764230509607707
396000.0,3,0.005999536645839968,0.6939155308805449,2.3764230509607707
396000.0,3,0.005999536645839968,0.6939155308805449,2.3764230509607707
399600.0,0,0.005983849075403615,0.6921010826305929,2.3702091870910715
399600.0,0,0.005983849075403615,0.6921010826305929,2.3702091870910715
399600.0,1,0.005983849075403615,0.6921010826305929,2.3702091870910715
399600.0,1,0.005983849075403615,0.6921010826305929,2.3702091870910715
399600.0,2,0.005983849075403615,0.6921010826305929,2.3702091870910715
399600.0,2,0.005983849075403615,0.6921010826305929,2.3702091870910715
399600.0,3,0.005983849075403615,0.6921010826305929,2.3702091870910715
399600.0,3,0.005983849075403615,0.6921010826305929,2.3702091870910715
403200.0,0,0.00491844442975047,0.5688747613439937,1.9482012374794309
403200.0,0,0.00491844442975047,0.5688747613439937,1.9482012374794309
403200.0,1,0.00491844442975047,0.5688747613439937,1.9482012374794309
403200.0,1,0.00491844442975047,0.5688747613439937,1.9482012374794309
403200.0,2,0.00491844442975047,0.5688747613439937,1.9482012374794309
403200.0,2,0.00491844442975047,0.5688747613439937,1.9482012374794309
403200.0,3,0.00491844442975047,0.5688747613439937,1.9482012374794309
403200.0,3,0.00491844442975047,0.5688747613439937,1.9482012374794309
406800.0,0,0.00040399455761322347,0.04672662481583725,0.16002268772547007
406800.0,0,0.00040399455761322347,0.04672662481583725,0.16002268772547007
406800.0,1,0.00040399455761322347,0.04672662481583725,0.16002268772547007
406800.0,1,0.00040399455761322347,0.04672662481583725,0.16002268772547007
406800.0,2,0.00040399455761322347,0.04672662481583725,0.16002268772547007
406800.0,2,0.00040399455761322347,0.04672662481583725,0.16002268772547007
406800.0,3,0.00040399455761322347,0.04672662481583725,0.16002268772547007
406800.0,3,0.00040399455761322347,0.04672662481583725,0.16002268772547007
410400.0,0,2.4971430135972154e-05,0.002888233579115597,0.009891210887382183
410400.0,0,2.4971430135972154e-05,0.002888233579115597,0.009891210887382183
410400.0,1,2.4971430135972154e-05,0.002888233579115597,0.009891210887382183
410400.0,1,2.4971430135972154e-05,0.002888233579115597,0.009891210887382183
410400.0,2,2.4971430135972154e-05,0.002888233579115597,0.009891210887382183
410400.0,2,2.4971430135972154e-05,0.002888233579115597,0.009891210887382183
410400.0,3,2.4971430135972154e-05,0.002888233579115597,0.009891210887382183
410400.0,3,2.4971430135972154e-05,0.002888233579115597,0.009891210887382183
414000.0,0,1.074695173703786e-05,0.0012430087788738115,0.004256879379704834
414000.0,0,1.074695173703786e-05,0.0012430087788738115,0.004256879379704834
414000.0,1,1.074695173703786e-05,0.0012430087788738115,0.004256879379704834
414000.0,1,1.074695173703786e-05,0.0012430087788738115,0.004256879379704834
414000.0,2,1.074695173703786e-05,0.0012430087788738115,0.004256879379704834
414000.0,2,1.074695173703786e-05,0.0012430087788738115,0.004256879379704834
414000.0,3,1.074695173703786e-05,0.0012430087788738115,0.004256879379704834
414000.0,3,1.074695173703786e-05,0.0012430087788738115,0.004256879379704834
417600.0,0,4.184367716024176e-05,0.0048397033245520076,0.016574326453945232
417600.0,0,4.184367716024176e-05,0.0048397033245520076,0.016574326453945232
417600.0,1,4.184367716024176e-05,0.0048397033245520076,0.016574326453945232
417600.0,1,4.184367716024176e-05,0.0048397033245520076,0.016574326453945232
417600.0,2,4.184367716024176e-05,0.0048397033245520076,0.016574326453945232
417600.0,2,4.184367716024176e-05,0.0048397033245520076,0.016574326453945232
417600.0,3,4.184367716024176e-05,0.0048397033245520076,0.016574326453945232
417600.0,3,4.184367716024176e-05,0.0048397033245520076,0.016574326453945232
421200.0,0,0.0009022194620049997,0.10435207481932242,0.3573701192442549
421200.0,0,0.0009022194620049997,0.10435207481932242,0.3573701192442549
421200.0,1,0.0009022194620049997,0.10435207481932242,0.3573701192442549
421200.0,1,0.0009022194620049997,0.10435207481932242,0.3573701192442549
421200.0,2,0.0009022194620049997,0.10435207481932242,0.3573701192442549
421200.0,2,0.0009022194620049997,0.10435207481932242,0.3573701192442549
421200.0,3,0.0009022194620049997,0.10435207481932242,0.3573701192442549
421200.0,3,0.0009022194620049997,0.10435207481932242,0.3573701192442549
424800.0,0,0.0055632265379934685,0.6434512403882476,2.2036001383159167
424800.0,0,0.0055632265379934685,0.6434512403882476,2.2036001383159167
424800.0,1,0.0055632265379934685,0.6434512403882476,2.2036001383159167
424800.0,1,0.0055632265379934685,0.6434512403882476,2.2036001383159167
424800.0,2,0.0055632265379934685,0.6434512403882476,2.2036001383159167
424800.0,2,0.0055632265379934685,0.6434512403882476,2.2036001383159167
424800.0,3,0.0055632265379934685,0.6434512403882476,2.2036001383159167
424800.0,3,0.0055632265379934685,0.6434512403882476,2.2036001383159167
428400.0,0,0.005993302916144012,0.6931945282253925,2.373953863785591
428400.0,0,0.005993302916144012,0.6931945282253925,2.373953863785591
428400.0,1,0.005993302916144012,0.6931945282253925,2.373953863785591
428400.0,1,0.005993302916144012,0.6931945282253925,2.373953863785591
428400.0,2,0.005993302916144012,0.6931945282253925,2.373953863785591
428400.0,2,0.005993302916144012,0.6931945282253925,2.373953863785591
428400.0,3,0.005993302916144012,0.6931945282253925,2.373953863785591
428400.0,3,0.005993302916144012,0.6931945282253925,2.373953863785591
432000.0,0,0.005999716724183861,0.6939363590156126,2.376494380190454
432000.0,0,0.005999716724183861,0.6939363590156126,2.376494380190454
432000.0,1,0.005999716724183861,0.6939363590156126,2.376494380190454
432000.0,1,0.005999716724183861,0.6939363590156126,2.376494380190454
432000.0,2,0.005999716724183861,0.6939363590156126,2.376494380190454
432000.0,2,0.005999716724183861,0.6939363590156126,2.376494380190454
432000.0,3,0.005999716724183861,0.6939363590156126,2.376494380190454
432000.0,3,0.005999716724183861,0.6939363590156126,2.376494380190454
435600.0,0,0.005999921828852896,0.6939600817334992,2.376575622374997
435600.0,0,0.005999921828852896,0.6939600817334992,2.376575622374997
435600.0,1,0.005999921828852896,0.6939600817334992,2.376575622374997
435600.0,1,0.005999921828852896,0.6939600817334992,2.376575622374997
435600.0,2,0.005999921828852896,0.6939600817334992,2.376575622374997
435600.0,2,0.005999921828852896,0.6939600817334992,2.376575622374997
435600.0,3,0.005999921828852896,0.6939600817334992,2.376575622374997
435600.0,3,0.005999921828852896,0.6939600817334992,2.376575622374997
439200.0,0,0.005999806757740539,0.6939467724336758,2.3765300425810816
439200.0,0,0.005999806757740539,0.6939467724336758,2.3765300425810816
439200.0,1,0.005999806757740539,0.6939467724336758,2.3765300425810816
439200.0,1,0.005999806757740539,0.6939467724336758,2.3765300425810816
439200.0,2,0.005999806757740539,0.6939467724336758,2.3765300425810816
439200.0,2,0.005999806757740539,0.6939467724336758,2.3765300425810816
439200.0,3,0.005999806757740539,0.6939467724336758,2.3765300425810816
439200.0,3,0.005999806757740539,0.6939467724336758,2.3765300425810816
442800.0,0,0.005996614428795191,0.693577542813853,2.3752655575816886
442800.0,0,0.005996614428795191,0.693577542813853,2.3752655575816886
442800.0,1,0.005996614428795191,0.693577542813853,2.3752655575816886
442800.0,1,0.005996614428795191,0.693577542813853,2.3752655575816886
442800.0,2,0.005996614428795191,0.693577542813853,2.3752655575816886
442800.0,2,0.005996614428795191,0.693577542813853,2.3752655575816886
442800.0,3,0.005996614428795191,0.693577542813853,2.3752655575816886
442800.0,3,0.005996614428795191,0.693577542813853,2.3752655575816886
446400.0,0,0.005802459357965174,0.6711212721047509,2.298360520906681
446400.0,0,0.005802459357965174,0.6711212721047509,2.298360520906681
446400.0,1,0.005802459357965174,0.6711212721047509,2.298360520906681
446400.0,1,0.005802459357965174,0.6711212721047509,2.298360520906681
446400.0,2,0.005802459357965174,0.6711212721047509,2.298360520906681
446400.0,2,0.005802459357965174,0.6711212721047509,2.298360520906681
446400.0,3,0.005802459357965174,0.6711212721047509,2.298360520906681
446400.0,3,0.005802459357965174,0.6711212721047509,2.298360520906681
450000.0,0,0.001704045470683298,0.19709249017650385,0.6749742814263832
450000.0,0,0.001704045470683298,0.19709249017650385,0.6749742814263832
450000.0,1,0.001704045470683298,0.19709249017650385,0.6749742814263832
450000.0,1,0.001704045470683298,0.19709249017650385,0.6749742814263832
450000.0,2,0.001704045470683298,0.19709249017650385,0.6749742814263832
450000.0,2,0.001704045470683298,0.19709249017650385,0.6749742814263832
450000.0,3,0.001704045470683298,0.19709249017650385,0.6749742814263832
450000.0,3,0.001704045470683298,0.19709249017650385,0.6749742814263832
453600.0,0,7.592051251438914e-05,0.008781081916163471,0.030072198343025592
453600.0,0,7.592051251438914e-05,0.008781081916163471,0.030072198343025592
453600.0,1,7.592051251438914e-05,0.008781081916163471,0.030072198343025592
453600.0,1,7.592051251438914e-05,0.008781081916163471,0.030072198343025592
453600.0,2,7.592051251438914e-05,0.008781081916163471,0.030072198343025592
453600.0,2,7.592051251438914e-05,0.008781081916163471,0.030072198343025592
453600.0,3,7.592051251438914e-05,0.008781081916163471,0.030072198343025592
453600.0,3,7.592051251438914e-05,0.008781081916163471,0.030072198343025592
457200.0,0,1.394998355962222e-05,0.0016134763097517273,0.005525603800519615
457200.0,0,1.394998355962222e-05,0.0016134763097517273,0.005525603800519615
457200.0,1,1.394998355962222e-05,0.0016134763097517273,0.005525603800519615
457200.0,1,1.394998355962222e-05,0.0016134763097517273,0.005525603800519615
457200.0,2,1.394998355962222e-05,0.0016134763097517273,0.005525603800519615
457200.0,2,1.394998355962222e-05,0.0016134763097517273,0.005525603800519615
457200.0,3,1.394998355962222e-05,0.0016134763097517273,0.005525603800519615
457200.0,3,1.394998355962222e-05,0.0016134763097517273,0.005525603800519615
460800.0,0,2.1698037052152627e-05,0.002509627957777432,0.00859461629375833
460800.0,0,2.1698037052152627e-05,0.002509627957777432,0.00859461629375833
460800.0,1,2.1698037052152627e-05,0.002509627957777432,0.00859461629375833
460800.0,1,2.1698037052152627e-05,0.002509627957777432,0.00859461629375833
460800.0,2,2.1698037052152627e-05,0.002509627957777432,0.00859461629375833
460800.0,2,2.1698037052152627e-05,0.002509627957777432,0.00859461629375833
460800.0,3,2.1698037052152627e-05,0.002509627957777432,0.00859461629375833
460800.0,3,2.1698037052152627e-05,0.002509627957777432,0.00859461629375833
464400.0,0,0.0002472103085472908,0.028592720175096058,0.09792027457224678
464400.0,0,0.0002472103085472908,0.028592720175096058,0.09792027457224678
464400.0,1,0.0002472103085472908,0.028592720175096058,0.09792027457224678
464400.0,1,0.0002472103085472908,0.028592720175096058,0.09792027457224678
464400.0,2,0.0002472103085472908,0.028592720175096058,0.09792027457224678
464400.0,2,0.0002472103085472908,0.028592720175096058,0.09792027457224678
464400.0,3,0.0002472103085472908,0.028592720175096058,0.09792027457224678
464400.0,3,0.0002472103085472908,0.028592720175096058,0.09792027457224678
468000.0,0,0.004044043638923775,0.46774023633203343,1.6018501244247723
468000.0,0,0.004044043638923775,0.46774023633203343,1.6018501244247723
468000.0,1,0.004044043638923775,0.46774023633203343,1.6018501244247723
468000.0,1,0.004044043638923775,0.46774023633203343,1.6018501244247723
468000.0,2,0.004044043638923775,0.46774023633203343,1.6018501244247723
468000.0,2,0.004044043638923775,0.46774023633203343,1.6018501244247723
468000.0,3,0.004044043638923775,0.46774023633203343,1.6018501244247723
468000.0,3,0.004044043638923775,0.46774023633203343,1.6018501244247723
471600.0,0,0.005960921102932925,0.6894491984721646,2.361127392027961
471600.0,0,0.005960921102932925,0.6894491984721646,2.361127392027961
471600.0,1,0.005960921102932925,0.6894491984721646,2.361127392027961
471600.0,1,0.005960921102932925,0.6894491984721646,2.361127392027961
471600.0,2,0.005960921102932925,0.6894491984721646,2.361127392027961
471600.0,2,0.005960921102932925,0.6894491984721646,2.361127392027961
471600.0,3,0.005960921102932925,0.6894491984721646,2.361127392027961
471600.0,3,0.005960921102932925,0.6894491984721646,2.361127392027961
475200.0,0,0.005998978774149793,0.6938510065926036,2.3762020773719303
475200.0,0,0.005998978774149793,0.6938510065926036,2.3762020773719303
475200.0,1,0.005998978774149793,0.6938510065926036,2.3762020773719303
475200.0,1,0.005998978774149793,0.6938510065926036,2.3762020773719303
475200.0,2,0.005998978774149793,0.6938510065926036,2.3762020773719303
475200.0,2,0.005998978774149793,0.6938510065926036,2.3762020773719303
475200.0,3,0.005998978774149793,0.6938510065926036,2.3762020773719303
475200.0,3,0.005998978774149793,0.6938510065926036,2.3762020773719303
478800.0,0,0.005999873732426727,0.6939545188277169,2.3765565713277974
478800.0,0,0.005999873732426727,0.6939545188277169,2.3765565713277974
478800.0,1,0.005999873732426727,0.6939545188277169,2.3765565713277974
478800.0,1,0.005999873732426727,0.6939545188277169,2.3765565713277974
478800.0,2,0.005999873732426727,0.6939545188277169,2.3765565713277974
478800.0,2,0.005999873732426727,0.6939545188277169,2.3765565713277974
478800.0,3,0.005999873732426727,0.6939545188277169,2.3765565713277974
478800.0,3,0.005999873732426727,0.6939545188277169,2.3765565713277974
482400.0,0,0.0059998754928979785,0.6939547224464986,2.376557268652393
482400.0,0,0.0059998754928979785,0.6939547224464986,2.376557268652393
482400.0,1,0.0059998754928979785,0.6939547224464986,2.376557268652393
482400.0,1,0.0059998754928979785,0.6939547224464986,2.376557268652393
482400.0,2,0.0059998754928979785,0.6939547224464986,2.376557268652393
482400.0,2,0.0059998754928979785,0.6939547224464986,2.376557268652393
482400.0,3,0.0059998754928979785,0.6939547224464986,2.376557268652393
482400.0,3,0.0059998754928979785,0.6939547224464986,2.376557268652393
486000.0,0,0.0059990264693221594,0.693856523088761,2.3762209694820586
486000.0,0,0.0059990264693221594,0.693856523088761,2.3762209694820586
486000.0,1,0.0059990264693221594,0.693856523088761,2.3762209694820586
486000.0,1,0.0059990264693221594,0.693856523088761,2.3762209694820586
486000.0,2,0.0059990264693221594,0.693856523088761,2.3762209694820586
486000.0,2,0.0059990264693221594,0.693856523088761,2.3762209694820586
486000.0,3,0.0059990264693221594,0.693856523088761,2.3762209694820586
486000.0,3,0.0059990264693221594,0.693856523088761,2.3762209694820586
489600.0,0,0.0059644426440896865,0.6898565052769335,2.362522278345663
489600.0,0,0.0059644426440896865,0.6898565052769335,2.362522278345663
489600.0,1,0.0059644426440896865,0.6898565052769335,2.362522278345663
489600.0,1,0.0059644426440896865,0.6898565052769335,2.362522278345663
489600.0,2,0.0059644426440896865,0.6898565052769335,2.362522278345663
489600.0,2,0.0059644426440896865,0.6898565052769335,2.362522278345663
489600.0,3,0.0059644426440896865,0.6898565052769335,2.362522278345663
489600.0,3,0.0059644426440896865,0.6898565052769335,2.362522278345663
493200.0,0,0.004240826237267824,0.4905004108686199,1.67979592763226
493200.0,0,0.004240826237267824,0.4905004108686199,1.67979592763226
493200.0,1,0.004240826237267824,0.4905004108686199,1.67979592763226
493200.0,1,0.004240826237267824,0.4905004108686199,1.67979592763226
493200.0,2,0.004240826237267824,0.4905004108686199,1.67979592763226
493200.0,2,0.004240826237267824,0.4905004108686199,1.67979592763226
493200.0,3,0.004240826237267824,0.4905004108686199,1.67979592763226
493200.0,3,0.004240826237267824,0.4905004108686199,1.67979592763226
496800.0,0,0.0003019777267255733,0.03492720303661694,0.11961370902951007
496800.0,0,0.0003019777267255733,0.03492720303661694,0.11961370902951007
496800.0,1,0.0003019777267255733,0.03492720303661694,0.11961370902951007
496800.0,1,0.0003019777267255733,0.03492720303661694,0.11961370902951007
496800.0,2,0.0003019777267255733,0.03492720303661694,0.11961370902951007
496800.0,2,0.0003019777267255733,0.03492720303661694,0.11961370902951007
496800.0,3,0.0003019777267255733,0.03492720303661694,0.11961370902951007
496800.0,3,0.0003019777267255733,0.03492720303661694,0.11961370902951007
500400.0,0,2.7590914403574633e-05,0.003191207112487877,0.010928791481122866
500400.0,0,2.7590914403574633e-05,0.003191207112487877,0.010928791481122866
500400.0,1,2.7590914403574633e-05,0.003191207112487877,0.010928791481122866
500400.0,1,2.7590914403574633e-05,0.003191207112487877,0.010928791481122866
500400.0,2,2.7590914403574633e-05,0.003191207112487877,0.010928791481122866
500400.0,2,2.7590914403574633e-05,0.003191207112487877,0.010928791481122866
500400.0,3,2.7590914403574633e-05,0.003191207112487877,0.010928791481122866
500400.0,3,2.7590914403574633e-05,0.003191207112487877,0.010928791481122866
504000.0,0,1.746415666330042e-05,0.0020199309142978723,0.0069175716243077825
504000.0,0,1.746415666330042e-05,0.0020199309142978723,0.0069175716243077825
504000.0,1,1.746415666330042e-05,0.0020199309142978723,0.0069175716243077825
504000.0,1,1.746415666330042e-05,0.0020199309142978723,0.0069175716243077825
504000.0,2,1.746415666330042e-05,0.0020199309142978723,0.0069175716243077825
504000.0,2,1.746415666330042e-05,0.0020199309142978723,0.0069175716243077825
504000.0,3,1.746415666330042e-05,0.0020199309142978723,0.0069175716243077825
504000.0,3,1.746415666330042e-05,0.0020199309142978723,0.0069175716243077825
507600.0,0,8.780546661333905e-05,0.010155713778572753,0.03477984170744094
507600.0,0,8.780546661333905e-05,0.010155713778572753,0.03477984170744094
507600.0,1,8.780546661333905e-05,0.010155713778572753,0.03477984170744094
507600.0,1,8.780546661333905e-05,0.010155713778572753,0.03477984170744094
507600.0,2,8.780546661333905e-05,0.010155713778572753,0.03477984170744094
507600.0,2,8.780546661333905e-05,0.010155713778572753,0.03477984170744094
507600.0,3,8.780546661333905e-05,0.010155713778572753,0.03477984170744094
507600.0,3,8.780546661333905e-05,0.010155713778572753,0.03477984170744094
511200.0,0,0.0017168367039112208,0.19857194366098677,0.6800409029485849
511200.0,0,0.0017168367039112208,0.19857194366098677,0.6800409029485849
511200.0,1,0.0017168367039112208,0.19857194366098677,0.6800409029485849
511200.0,1,0.0017168367039112208,0.19857194366098677,0.6800409029485849
511200.0,2,0.0017168367039112208,0.19857194366098677,0.6800409029485849
511200.0,2,0.0017168367039112208,0.19857194366098677,0.6800409029485849
511200.0,3,0.0017168367039112208,0.19857194366098677,0.6800409029485849
511200.0,3,0.0017168367039112208,0.19857194366098677,0.6800409029485849
514800.0,0,0.005768929643137159,0.6672431743051003,2.2850793640585625
514800.0,0,0.005768929643137159,0.6672431743051003,2.2850793640585625
514800.0,1,0.005768929643137159,0.6672431743051003,2.2850793640585625
514800.0,1,0.005768929643137159,0.6672431743051003,2.2850793640585625
514800.0,2,0.005768929643137159,0.6672431743051003,2.2850793640585625
514800.0,2,0.005768929643137159,0.6672431743051003,2.2850793640585625
514800.0,3,0.005768929643137159,0.6672431743051003,2.2850793640585625
514800.0,3,0.005768929643137159,0.6672431743051003,2.2850793640585625
518400.0,0,0.005995286750294607,0.6934239814997121,2.374739662670247
518400.0,0,0.005995286750294607,0.6934239814997121,2.374739662670247
518400.0,1,0.005995286750294607,0.6934239814997121,2.374739662670247
518400.0,1,0.005995286750294607,0.6934239814997121,2.374739662670247
518400.0,2,0.005995286750294607,0.6934239814997121,2.374739662670247
518400.0,2,0.005995286750294607,0.6934239814997121,2.374739662670247
518400.0,3,0.005995286750294607,0.6934239814997121,2.374739662670247
518400.0,3,0.005995286750294607,0.6934239814997121,2.374739662670247
522000.0,0,0.005999697990471507,0.6939341922459566,2.376486959746427
522000.0,0,0.005999697990471507,0.6939341922459566,2.376486959746427
522000.0,1,0.005999697990471507,0.6939341922459566,2.376486959746427
522000.0,1,0.005999697990471507,0.6939341922459566,2.376486959746427
522000.0,2,0.005999697990471507,0.6939341922459566,2.376486959746427
522000.0,2,0.005999697990471507,0.6939341922459566,2.376486959746427
522000.0,3,0.005999697990471507,0.6939341922459566,2.376486959746427
522000.0,3,0.005999697990471507,0.6939341922459566,2.376486959746427
525600.0,0,0.005999875392342587,0.6939547108161092,2.376557228822292
525600.0,0,0.005999875392342587,0.6939547108161092,2.376557228822292
525600.0,1,0.005999875392342587,0.6939547108161092,2.376557228822292
525600.0,1,0.005999875392342587,0.6939547108161092,2.376557228822292
525600.0,2,0.005999875392342587,0.6939547108161092,2.376557228822292
525600.0,2,0.005999875392342587,0.6939547108161092,2.376557228822292
525600.0,3,0.005999875392342587,0.6939547108161092,2.376557228822292
525600.0,3,0.005999875392342587,0.6939547108161092,2.376557228822292
529200.0,0,0.005999590847765558,0.6939217999576739,2.376444520402993
529200.0,0,0.005999590847765558,0.6939217999576739,2.376444520402993
529200.0,1,0.005999590847765558,0.6939217999576739,2.376444520402993
529200.0,1,0.005999590847765558,0.6939217999576739,2.376444520402993
529200.0,2,0.005999590847765558,0.6939217999576739,2.376444520402993
529200.0,2,0.005999590847765558,0.6939217999576739,2.376444520402993
529200.0,3,0.005999590847765558,0.6939217999576739,2.376444520402993
529200.0,3,0.005999590847765558,0.6939217999576739,2.376444520402993
532800.0,0,0.005992155714566309,0.693061841146571,2.3734994559814075
532800.0,0,0.005992155714566309,0.693061841146571,2.3734994559814075
532800.0,1,0.005992155714566309,0.693061841146571,2.3734994559814075
532800.0,1,0.005992155714566309,0.693061841146571,2.3734994559814075
532800.0,2,0.005992155714566309,0.693061841146571,2.3734994559814075
532800.0,2,0.005992155714566309,0.693061841146571,2.3734994559814075
532800.0,3,0.005992155714566309,0.693061841146571,2.3734994559814075
532800.0,3,0.005992155714566309,0.693061841146571,2.3734994559814075
536400.0,0,0.005610042502214852,0.6488660459947592,2.222143993132737
536400.0,0,0.005610042502214852,0.6488660459947592,2.222143993132737
536400.0,1,0.005610042502214852,0.6488660459947592,2.222143993132737
536400.0,1,0.005610042502214852,0.6488660459947592,2.222143993132737
536400.0,2,0.005610042502214852,0.6488660459947592,2.222143993132737
536400.0,2,0.005610042502214852,0.6488660459947592,2.222143993132737
536400.0,3,0.005610042502214852,0.6488660459947592,2.222143993132737
536400.0,3,0.005610042502214852,0.6488660459947592,2.222143993132737
540000.0,0,0.0012600353922180769,0.14573760937447655,0.4991014019673855
540000.0,0,0.0012600353922180769,0.14573760937447655,0.4991014019673855
540000.0,1,0.0012600353922180769,0.14573760937447655,0.4991014019673855
540000.0,1,0.0012600353922180769,0.14573760937447655,0.4991014019673855
540000.0,2,0.0012600353922180769,0.14573760937447655,0.4991014019673855
540000.0,2,0.0012600353922180769,0.14573760937447655,0.4991014019673855
540000.0,3,0.0012600353922180769,0.14573760937447655,0.4991014019673855
540000.0,3,0.0012600353922180769,0.14573760937447655,0.4991014019673855
543600.0,0,7.739896479254168e-05,0.008952081954672637,0.030657814913262454
543600.0,0,7.739896479254168e-05,0.008952081954672637,0.030657814913262454
543600.0,1,7.739896479254168e-05,0.008952081954672637,0.030657814913262454
543600.0,1,7.739896479254168e-05,0.008952081954672637,0.030657814913262454
543600.0,2,7.739896479254168e-05,0.008952081954672637,0.030657814913262454
543600.0,2,7.739896479254168e-05,0.008952081954672637,0.030657814913262454
543600.0,3,7.739896479254168e-05,0.008952081954672637,0.030657814913262454
543600.0,3,7.739896479254168e-05,0.008952081954672637,0.030657814913262454
547200.0,0,2.1571687175914462e-05,0.00249501413897406,0.008544568969089247
547200.0,0,2.1571687175914462e-05,0.00249501413897406,0.008544568969089247
547200.0,1,2.1571687175914462e-05,0.00249501413897406,0.008544568969089247
547200.0,1,2.1571687175914462e-05,0.00249501413897406,0.008544568969089247
547200.0,2,2.1571687175914462e-05,0.00249501413897406,0.008544568969089247
547200.0,2,2.1571687175914462e-05,0.00249501413897406,0.008544568969089247
547200.0,3,2.1571687175914462e-05,0.00249501413897406,0.008544568969089247
547200.0,3,2.1571687175914462e-05,0.00249501413897406,0.008544568969089247
550800.0,0,4.549493484856078e-05,0.005262013340597728,0.018020593632184
550800.0,0,4.549493484856078e-05,0.005262013340597728,0.018020593632184
550800.0,1,4.549493484856078e-05,0.005262013340597728,0.018020593632184
550800.0,1,4.549493484856078e-05,0.005262013340597728,0.018020593632184
550800.0,2,4.549493484856078e-05,0.005262013340597728,0.018020593632184
550800.0,2,4.549493484856078e-05,0.005262013340597728,0.018020593632184
550800.0,3,4.549493484856078e-05,0.005262013340597728,0.018020593632184
550800.0,3,4.549493484856078e-05,0.005262013340597728,0.018020593632184
554400.0,0,0.0005535456851180996,0.06402393561871195,0.21926005348873953
554400.0,0,0.0005535456851180996,0.06402393561871195,0.21926005348873953
554400.0,1,0.0005535456851180996,0.06402393561871195,0.21926005348873953
554400.0,1,0.0005535456851180996,0.06402393561871195,0.21926005348873953
554400.0,2,0.0005535456851180996,0.06402393561871195,0.21926005348873953
554400.0,2,0.0005535456851180996,0.06402393561871195,0.21926005348873953
554400.0,3,0.0005535456851180996,0.06402393561871195,0.21926005348873953
554400.0,3,0.0005535456851180996,0.06402393561871195,0.21926005348873953
558000.0,0,0.004888916335472278,0.5654594970616845,1.9365051269235771
558000.0,0,0.004888916335472278,0.5654594970616845,1.9365051269235771
558000.0,1,0.004888916335472278,0.5654594970616845,1.9365051269235771
558000.0,1,0.004888916335472278,0.5654594970616845,1.9365051269235771
558000.0,2,0.004888916335472278,0.5654594970616845,1.9365051269235771
558000.0,2,0.004888916335472278,0.5654594970616845,1.9365051269235771
558000.0,3,0.004888916335472278,0.5654594970616845,1.9365051269235771
558000.0,3,0.004888916335472278,0.5654594970616845,1.9365051269235771
561600.0,0,0.005975116324318214,0.6910910393617221,2.3667501348004185
561600.0,0,0.005975116324318214,0.6910910393617221,2.3667501348004185
561600.0,1,0.005975116324318214,0.6910910393617221,2.3667501348004185
561600.0,1,0.005975116324318214,0.6910910393617221,2.3667501348004185
561600.0,2,0.005975116324318214,0.6910910393617221,2.3667501348004185
561600.0,2,0.005975116324318214,0.6910910393617221,2.3667501348004185
561600.0,3,0.005975116324318214,0.6910910393617221,2.3667501348004185
561600.0,3,0.005975116324318214,0.6910910393617221,2.3667501348004185
565200.0,0,0.005999012066793571,0.6938548572704051,2.3762152646246752
565200.0,0,0.005999012066793571,0.6938548572704051,2.3762152646246752
565200.0,1,0.005999012066793571,0.6938548572704051,2.3762152646246752
565200.0,1,0.005999012066793571,0.6938548572704051,2.3762152646246752
565200.0,2,0.005999012066793571,0.6938548572704051,2.3762152646246752
565200.0,2,0.005999012066793571,0.6938548572704051,2.3762152646246752
565200.0,3,0.005999012066793571,0.6938548572704051,2.3762152646246752
565200.0,3,0.005999012066793571,0.6938548572704051,2.3762152646246752
568800.0,0,0.00599981191674676,0.6939473691321797,2.376532086069109
568800.0,0,0.00599981191674676,0.6939473691321797,2.376532086069109
568800.0,1,0.00599981191674676,0.6939473691321797,2.376532086069109
568800.0,1,0.00599981191674676,0.6939473691321797,2.376532086069109
568800.0,2,0.00599981191674676,0.6939473691321797,2.376532086069109
568800.0,2,0.00599981191674676,0.6939473691321797,2.376532086069109
568800.0,3,0.00599981191674676,0.6939473691321797,2.376532086069109
568800.0,3,0.00599981191674676,0.6939473691321797,2.376532086069109
572400.0,0,0.005999741697192467,0.6939392474317599,2.376504272026575
572400.0,0,0.005999741697192467,0.6939392474317599,2.376504272026575
572400.0,1,0.005999741697192467,0.6939392474317599,2.376504272026575
572400.0,1,0.005999741697192467,0.6939392474317599,2.376504272026575
572400.0,2,0.005999741697192467,0.6939392474317599,2.376504272026575
572400.0,2,0.005999741697192467,0.6939392474317599,2.376504272026575
572400.0,3,0.005999741697192467,0.6939392474317599,2.376504272026575
572400.0,3,0.005999741697192467,0.6939392474317599,2.376504272026575
576000.0,0,0.005997665637318841,0.6936991271900832,2.3756819424317923
576000.0,0,0.005997665637318841,0.6936991271900832,2.3756819424317923
576000.0,1,0.005997665637318841,0.6936991271900832,2.3756819424317923
576000.0,1,0.005997665637318841,0.6936991271900832,2.3756819424317923
576000.0,2,0.005997665637318841,0.6936991271900832,2.3756819424317923
576000.0,2,0.005997665637318841,0.6936991271900832,2.3756819424317923
576000.0,3,0.005997665637318841,0.6936991271900832,2.3756819424317923
576000.0,3,0.005997665637318841,0.6936991271900832,2.3756819424317923
579600.0,0,0.005921804474403074,0.6849249097387388,2.3456332525299275
579600.0,0,0.005921804474403074,0.6849249097387388,2.3456332525299275
579600.0,1,0.005921804474403074,0.6849249097387388,2.3456332525299275
579600.0,1,0.005921804474403074,0.6849249097387388,2.3456332525299275
579600.0,2,0.005921804474403074,0.6849249097387388,2.3456332525299275
579600.0,2,0.005921804474403074,0.6849249097387388,2.3456332525299275
579600.0,3,0.005921804474403074,0.6849249097387388,2.3456332525299275
579600.0,3,0.005921804474403074,0.6849249097387388,2.3456332525299275
583200.0,0,0.0035477207919558306,0.4103347811823074,1.405256099939409
583200.0,0,0.0035477207919558306,0.4103347811823074,1.405256099939409
583200.0,1,0.0035477207919558306,0.4103347811823074,1.405256099939409
583200.0,1,0.0035477207919558306,0.4103347811823074,1.405256099939409
583200.0,2,0.0035477207919558306,0.4103347811823074,1.405256099939409
583200.0,2,0.0035477207919558306,0.4103347811823074,1.405256099939409
583200.0,3,0.0035477207919558306,0.4103347811823074,1.405256099939409
583200.0,3,0.0035477207919558306,0.4103347811823074,1.405256099939409
586800.0,0,0.000276305459083979,0.031957909525962794,0.1094448956368589
586800.0,0,0.000276305459083979,0.031957909525962794,0.1094448956368589
586800.0,1,0.000276305459083979,0.031957909525962794,0.1094448956368589
586800.0,1,0.000276305459083979,0.031957909525962794,0.1094448956368589
586800.0,2,0.000276305459083979,0.031957909525962794,0.1094448956368589
586800.0,2,0.000276305459083979,0.031957909525962794,0.1094448956368589
586800.0,3,0.000276305459083979,0.031957909525962794,0.1094448956368589
586800.0,3,0.000276305459083979,0.031957909525962794,0.1094448956368589
590400.0,0,3.907103292212588e-05,0.004519015076107165,0.015476079027764267
590400.0,0,3.907103292212588e-05,0.004519015076107165,0.015476079027764267
590400.0,1,3.907103292212588e-05,0.004519015076107165,0.015476079027764267
590400.0,1,3.907103292212588e-05,0.004519015076107165,0.015476079027764267
590400.0,2,3.907103292212588e-05,0.004519015076107165,0.015476079027764267
590400.0,2,3.907103292212588e-05,0.004519015076107165,0.015476079027764267
590400.0,3,3.907103292212588e-05,0.004519015076107165,0.015476079027764267
590400.0,3,3.907103292212588e-05,0.004519015076107165,0.015476079027764267
594000.0,0,3.524173410720354e-05,0.004076112552643196,0.013959289563846561
594000.0,0,3.524173410720354e-05,0.004076112552643196,0.013959289563846561
594000.0,1,3.524173410720354e-05,0.004076112552643196,0.013959289563846561
594000.0,1,3.524173410720354e-05,0.004076112552643196,0.013959289563846561
594000.0,2,3.524173410720354e-05,0.004076112552643196,0.013959289563846561
594000.0,2,3.524173410720354e-05,0.004076112552643196,0.013959289563846561
594000.0,3,3.524173410720354e-05,0.004076112552643196,0.013959289563846561
594000.0,3,3.524173410720354e-05,0.004076112552643196,0.013959289563846561
597600.0,0,0.00020757430749521695,0.024008360026033092,0.08222041104805854
597600.0,0,0.00020757430749521695,0.024008360026033092,0.08222041104805854
597600.0,1,0.00020757430749521695,0.024008360026033092,0.08222041104805854
597600.0,1,0.00020757430749521695,0.024008360026033092,0.08222041104805854
597600.0,2,0.00020757430749521695,0.024008360026033092,0.08222041104805854
597600.0,2,0.00020757430749521695,0.024008360026033092,0.08222041104805854
597600.0,3,0.00020757430749521695,0.024008360026033092,0.08222041104805854
597600.0,3,0.00020757430749521695,0.024008360026033092,0.08222041104805854
601200.0,0,0.002875934593699945,0.3326349680268715,1.1391608494070942
601200.0,0,0.002875934593699945,0.3326349680268715,1.1391608494070942
601200.0,1,0.002875934593699945,0.3326349680268715,1.1391608494070942
601200.0,1,0.002875934593699945,0.3326349680268715,1.1391608494070942
601200.0,2,0.002875934593699945,0.3326349680268715,1.1391608494070942
601200.0,2,0.002875934593699945,0.3326349680268715,1.1391608494070942
601200.0,3,0.002875934593699945,0.3326349680268715,1.1391608494070942
601200.0,3,0.002875934593699945,0.3326349680268715,1.1391608494070942
