time_s,H_m
0.0,2.1803748435957213
1800.0,2.277802439869334
3600.0,2.2302379735936833
5400.0,2.0407159773002412
7200.0,1.721314077578251
9000.0,1.2923827034009074
10800.0,0.7812474253530474
12600.0,0.2204667393290644
14400.0,-0.3542435353601254
16200.0,-0.9062868166496904
18000.0,-1.4005180513869682
19800.0,-1.8054829812923976
21600.0,-2.0954215931782585
23400.0,-2.2519080426553013
25200.0,-2.265022567377718
27000.0,-2.1339807949977794
28800.0,-1.8671804920138442
30600.0,-1.4816629792412148
32400.0,-1.0020237829454566
34200.0,-0.4588422133792359
36000.0,0.11326977705261065
37800.0,0.6778748611753247
39600.0,1.1990328553137137
41400.0,1.6435903322857417
43200.0,1.9832913501201224
45000.0,2.1965748093052953
46800.0,2.269944018979102
48600.0,2.1988214097293084
50400.0,1.9878342266712108
52200.0,1.650513367643061
54000.0,1.208424976147198
55800.0,0.6897905659582363
57600.0,0.12768403628439073
59400.0,-0.4420791441798572
61200.0,-0.9832257630350143
63000.0,-1.461335953701533
64800.0,-1.8460341861727438
66600.0,-2.112920583738956
68400.0,-2.245119676108692
70200.0,-2.234348210452597
72000.0,-2.0814344067134694
73800.0,-1.7962560925372917
75600.0,-1.3971022452204582
77400.0,-0.909499233757247
79200.0,-0.3645771472842683
81000.0,0.2029191560849554
82800.0,0.7568471052056731
84600.0,1.2619699989265767
86400.0,1.686200183525819
88200.0,2.002638916090964
90000.0,2.1912831408387934
91800.0,2.2402908028613133
93600.0,2.146724607673977
95400.0,1.916727491722274
97200.0,1.565119363652707
99000.0,1.1144415889015302
100800.0,0.5935108648572114
102600.0,0.035575328505248076
104400.0,-0.5238090317956445
106200.0,-1.0490459252629314
108000.0,-1.5067655520813388
109800.0,-1.8679461864796008
111600.0,-2.109755568505101
113400.0,-2.2169951911743437
115200.0,-2.1830560653624325
117000.0,-2.0103258303719533
118800.0,-1.710022148547872
120600.0,-1.3014639342152359
122400.0,-0.8108277825352809
124200.0,-0.2694696992347784
126000.0,0.2880801954202496
127800.0,0.826321655532038
129600.0,1.3110462177138156
131400.0,1.7115128118753422
133200.0,2.0023986165067895
135000.0,2.1654012762504475
136800.0,2.190391047158188
138600.0,2.076040308013997
140400.0,1.8298913209117789
142200.0,1.4678589992118052
144000.0,1.0132014534282188
145800.0,0.4950249385934744
147600.0,-0.053580634434018976
149400.0,-0.5976561115273825
151200.0,-1.1026022354965699
153000.0,-1.536381283879438
154800.0,-1.871551021241045
156600.0,-2.087001761213524
158400.0,-2.169286524251554
160200.0,-2.113460439065132
162000.0,-1.9233769857592955
163800.0,-1.6114234000856749
165600.0,-1.197713329920792
167400.0,-0.7087893741184392
169200.0,-0.17591924098211115
171000.0,0.36690503661381807
172800.0,0.8851367259569864
174600.0,1.3458742961308618
176400.0,1.7199514287348359
178200.0,1.9837843010129723
180000.0,2.1208590832327405
181800.0,2.1227657919648815
183600.0,1.989713765206015
185400.0,1.7304972031587722
187200.0,1.3619143252098986
189000.0,0.9076784868143551
190800.0,0.3968918628260866
192600.0,-0.13782001351776596
194400.0,-0.6623932168356994
196200.0,-1.1434965891146973
198000.0,-1.5506506362439136
199800.0,-1.8581593950557598
201600.0,-2.046732769725121
203400.0,-2.104696872982832
205200.0,-2.028716417870426
207000.0,-1.8239844829888148
208800.0,-1.5038690124804721
210600.0,-1.08904003495751
212400.0,-0.6061345856262249
214200.0,-0.08604559492148407
216000.0,0.43805528996250837
217800.0,0.9328343515997676
219600.0,1.3669167952207617
221400.0,1.7128770734283918
223200.0,1.9489722335719613
225000.0,2.0605087027621742
226800.0,2.0407565797765077
228600.0,1.8913545604393998
230400.0,1.6221812166761216
232200.0,1.2507023927888195
234000.0,0.8008378029256561
235800.0,0.3014203911480831
237600.0,-0.21565228257157515
239400.0,-0.7174560630725768
241200.0,-1.1721373638523715
243000.0,-1.5509358434731133
244800.0,-1.8300041149750108
246600.0,-1.991909323276372
248400.0,-2.0267220302738296
250200.0,-1.9326244073854557
252000.0,-1.7160005406335317
253800.0,-1.3910047291361665
255600.0,-0.9786368908889429
257400.0,-0.5053854635745462
259200.0,-0.0015255180504472195
261000.0,0.5008185390582158
262800.0,0.9697216700201099
264600.0,1.3754876268487783
266400.0,1.6925300493264508
268200.0,1.900986060078062
270000.0,1.9879605876101558
271800.0,1.9483234780728482
273600.0,1.7850101669690124
275400.0,1.5088084294110122
277200.0,1.137646481006951
279000.0,0.6954293730932813
280800.0,0.21049920385194978
282600.0,-0.28618165728958483
284400.0,-0.763007850598744
286200.0,-1.1897425167937608
288000.0,-1.539434956564557
289800.0,-1.7901228241010998
291600.0,-1.9262113420995908
293400.0,-1.939442938490841
295200.0,-1.8293970541910083
297000.0,-1.603489961092616
298800.0,-1.2764763328308848
300600.0,-0.8694859915687174
302400.0,-0.4086586975443524
304200.0,0.07653481064849454
306000.0,0.555177675522829
307800.0,0.9968771175462886
309600.0,1.3736944067534578
311400.0,1.6619120491912869
313200.0,1.8435264141644119
315000.0,1.907371883323922
316800.0,1.8498063658220296
318600.0,1.6749161624178877
320400.0,1.3942288702676506
322200.0,1.0259543370236865
324000.0,0.5938036042039678
325800.0,0.1254624274272769
327600.0,-0.34918235728341124
329400.0,-0.7999499966714918
331200.0,-1.1982848125458332
333000.0,-1.5190650129771583
334800.0,-1.742186759333301
336600.0,-1.8538236282409546
338400.0,-1.847282603230411
340200.0,-1.7234036620627082
342000.0,-1.4904792259345325
343800.0,-1.1637003377357993
345600.0,-0.7641664881018075
347400.0,-0.3175236022126624
349200.0,0.14768190742747797
351000.0,0.6018273975932661
352800.0,1.0160999940149043
354600.0,1.3643242738472192
356400.0,1.6246157185136072
358200.0,1.7807555220135523
360000.0,1.823200428826292
361800.0,1.7496647820675666
363600.0,1.565239372743973
365400.0,1.2820412387079643
367200.0,0.9184183813781316
369000.0,0.49776155411868284
370800.0,0.04700004400662865
372600.0,-0.4051218419101554
374400.0,-0.8298773021529319
376200.0,-1.2003817773297958
378000.0,-1.4932940226206461
379800.0,-1.690285923185955
381600.0,-1.7791885439680808
383400.0,-1.7547428088974584
385200.0,-1.6189085777854137
387000.0,-1.3807141041619204
388800.0,-1.0556571117132394
390600.0,-0.6646971593332471
392400.0,-0.23290477290414657
394200.0,0.2121456230246454
396000.0,0.6421359911166759
397800.0,1.0298058501073564
399600.0,1.3506798064819883
401400.0,1.5846120217629522
403200.0,1.7170502093266444
405000.0,1.7399399152101331
406800.0,1.6522129618450325
408600.0,1.4598305359662336
410400.0,1.1753797808262176
412200.0,0.8172511006532017
414000.0,0.4084499030834821
415800.0,-0.024880483052057572
417600.0,-0.4551299191380326
419400.0,-0.8549798252227544
421200.0,-1.199136875779404
423000.0,-1.4659320570673013
424800.0,-1.6386840555123858
426600.0,-1.7067412606444763
428400.0,-1.6661373646299427
430200.0,-1.5198202908122547
432000.0,-1.277441401259142
433800.0,-0.9547198827227081
435600.0,-0.572424116121288
437400.0,-0.15503599371625523
439200.0,0.2708159620449786
441000.0,0.6780544499642638
442800.0,1.040874017621567
444600.0,1.3363751953953946
446400.0,1.5460087268090794
448200.0,1.6567388836295447
450000.0,1.6618529830122937
451800.0,1.5613669138023445
453600.0,1.3620022754827716
455400.0,1.0767379899508194
457200.0,0.7239662301621665
459000.0,0.32630751083939813
460800.0,-0.09083877346207864
462600.0,-0.5009155458752574
464400.0,-0.8778975714787236
466200.0,-1.197941899324739
468000.0,-1.4408946366392903
469800.0,-1.591558915081748
471600.0,-1.6406443562393815
473400.0,-1.5853387940656802
475200.0,-1.4294671534574572
477000.0,-1.1832286747453027
478800.0,-0.8625304405238766
480600.0,-0.48796070618515064
482400.0,-0.0834682437775251
484200.0,0.3251676497276916
486000.0,0.711978809359007
487800.0,1.0524570649194203
489600.0,1.325105702839504
491400.0,1.5127954035773947
493200.0,1.6038392142123372
495000.0,1.5927191769125544
496800.0,1.4804195126631545
498600.0,1.2743463322211122
500400.0,0.9878401162338492
502200.0,0.6393130062139336
504000.0,0.25106664465228673
505800.0,-0.15213359907519067
507600.0,-0.5446369431324075
509400.0,-0.9015375495940258
511200.0,-1.2002533934504247
513000.0,-1.421953652057525
514800.0,-1.552744486205313
516600.0,-1.5845386319424157
518400.0,-1.5155544551140563
520200.0,-1.3504137446191788
522000.0,-1.0998330308193343
523800.0,-0.7799289920276306
525600.0,-0.4111829216272206
527400.0,-0.017130728867999958
529200.0,0.3771378164458432
531000.0,0.7465749923419087
532800.0,1.0677647747188836
534600.0,1.3204054469151023
536400.0,1.4885913986408699
538200.0,1.5618132799429747
540000.0,1.535613703000469
541800.0,1.4118576501563054
543600.0,1.1986012512667619
545400.0,0.90956808027821
547200.0,0.5632669743063797
549000.0,0.1818080263862434
550800.0,-0.21050758360575025
552600.0,-0.5887340726974465
554400.0,-0.9288655420857939
556200.0,-1.2093579358348776
558000.0,-1.4124920893884492
559800.0,-1.5254917331751392
561600.0,-1.541325999780238
563400.0,-1.4591460998754502
565200.0,-1.284329100958618
567000.0,-1.0281266855231683
568800.0,-0.7069417998906891
570600.0,-0.34127964689344953
572400.0,0.045559962674673146
574200.0,0.4289655999494235
576000.0,0.7845782650170459
577800.0,1.0898372101213814
579600.0,1.3254095561116241
581400.0,1.476413220415141
583200.0,1.533355895549567
585000.0,1.4927309126258959
586800.0,1.3572326425007746
588600.0,1.135578242394173
590400.0,0.8419475161129526
592200.0,0.49507684078348146
594000.0,0.11706499250767118
595800.0,-0.2680331044088218
597600.0,-0.6357353222358653
599400.0,-0.9626869029802572
601200.0,-1.2281420659484807
603000.0,-1.4152787727021179
604800.0,-1.512263430082398
606600.0,-1.512998230306858
608400.0,-1.417503993945953
610200.0,-1.2319145168857013
612000.0,-0.9680830595237964
613800.0,-0.6428261949661348
615600.0,-0.2768531973272662
617400.0,0.10655095095297265
619200.0,0.4830052799742575
621000.0,0.8285813617458624
622800.0,1.1213224153600083
624600.0,1.3426366659605082
626400.0,1.4784766459839918
628200.0,1.5202297277091439
630000.0,1.465263503689421
631800.0,1.317091524391563
633600.0,1.0851489734192479
635400.0,0.784192585787183
637200.0,0.43336292856545366
639000.0,0.054968558551027016
640800.0,-0.32693080558397675
642600.0,-0.6880522241725281
644400.0,-1.005431676554735
646200.0,-1.2588825841722673
648000.0,-1.4322781951335823
649800.0,-1.5145764647838513
651600.0,-1.5005223790299105
653400.0,-1.3909831034544355
655200.0,-1.1928946084922727
657000.0,-0.9188230466235983
658800.0,-0.586168582815764
660600.0,-0.21606205768407497
662400.0,0.1679756425757694
664200.0,0.5415265602089878
666000.0,0.8808263353169752
667800.0,1.1642742155650876
669600.0,1.3738065751586925
671400.0,1.4960467104409627
673200.0,1.5231578112885966
675000.0,1.4533447813306328
676800.0,1.2909728100428843
678600.0,1.0462948805121968
680400.0,0.7348051917697739
682200.0,0.376259213909076
684000.0,-0.00657772691813571
685800.0,-0.3893741619947772
687600.0,-0.7477770481654717
689400.0,-1.058959259180006
691200.0,-1.3030717828322087
693000.0,-1.4645083467016347
694800.0,-1.5329019922387122
696600.0,-1.5037900297676152
698400.0,-1.378904770079791
700200.0,-1.1660711182352193
702000.0,-0.8787170342000581
703800.0,-0.5350274354692269
705600.0,-0.15679478125368826
707400.0,0.23196110286402521
709200.0,0.6065166558553903
711000.0,0.9430151342417376
712800.0,1.2199844328029719
714600.0,1.4197057136537794
716400.0,1.5293457025617867
718200.0,1.5417803718942569
720000.0,1.4560571993635874
721800.0,1.2774660441407721
723600.0,1.0172134738111211
725400.0,0.6917205384988792
727200.0,0.32158792740300185
729000.0,-0.06970636228051003
730800.0,-0.4572946126848481
732600.0,-0.8164980817324662
734400.0,-1.1243966972158896
736200.0,-1.3612900139226316
738000.0,-1.511956406262407
739800.0,-1.5666300934319641
741600.0,-1.5216333476726962
743400.0,-1.3796230031826018
745200.0,-1.149434791388733
747000.0,-0.8455345347439576
748800.0,-0.4871102200790533
750600.0,-0.0968618570966564
752400.0,0.3004346490580785
754200.0,0.6794988544743278
756000.0,1.0161528067230159
757800.0,1.288861694693902
759600.0,1.4801100400873521
761400.0,1.5775255663601784
763200.0,1.5746786993520812
765000.0,1.4715060867527678
766800.0,1.2743302854999254
768600.0,0.9954733570718061
770400.0,0.6524879104305189
772200.0,0.26705350354144547
774000.0,-0.1363922942923022
775800.0,-0.5322018318473971
777600.0,-0.8951463447553816
779400.0,-1.202022598281809
781200.0,-1.4331349785785181
783000.0,-1.5735584452461675
784800.0,-1.6141014279805201
786600.0,-1.5519066002936663
788400.0,-1.3906503111208346
790200.0,-1.1403268605718662
792000.0,-0.816630162538297
793800.0,-0.4399709725475193
795600.0,-0.03419114318352306
797400.0,0.37494418494379655
799200.0,0.7613811885000248
801000.0,1.1004351480376637
802800.0,1.3703660163743911
804600.0,1.5537712803642383
806400.0,1.6387069431556265
808200.0,1.6194644744740614
810000.0,1.4969532378305601
811800.0,1.278662843452665
813600.0,0.9782065190411177
815400.0,0.6144732486905053
817200.0,0.21044140855537993
819000.0,-0.20827166758843332
820800.0,-0.615032719664849
822600.0,-0.9838854396003316
824400.0,-1.2912056695548408
826200.0,-1.5172134407572777
828000.0,-1.6472451387267704
829800.0,-1.6727040281176415
831600.0,-1.5916275702447433
833400.0,-1.408834151317279
835200.0,-1.1356384845179974
837000.0,-0.7891523675515247
838800.0,-0.39121392734560906
840600.0,0.03298772104763489
842400.0,0.456505856930656
844200.0,0.8523468568668263
846000.0,1.195189682507358
847800.0,1.4630046848782543
849600.0,1.6384682888928295
851400.0,1.7100827599272566
853200.0,1.672928717202842
855000.0,1.5290011919466264
856800.0,1.2871063759221966
858600.0,0.9623241021502793
860400.0,0.5750687740617996
862200.0,0.1498071492077563
864000.0,-0.28648655385781063
865800.0,-0.7060407397325797
867600.0,-1.0820533556432863
869400.0,-1.390403282433513
871200.0,-1.611196967296533
873000.0,-1.7300511712271427
874800.0,-1.7390291577436796
876600.0,-1.6371694292424148
878400.0,-1.4305718557558313
880200.0,-1.1320341130278246
882000.0,-0.760259973099799
883800.0,-0.3386883494637581
885600.0,0.10598365737684387
887400.0,0.5454907015544874
889200.0,0.9517951954419432
891000.0,1.2988752990842616
892800.0,1.5643909113488599
894600.0,1.7311210348282267
896400.0,1.788080065241472
898200.0,1.7312406793610056
900000.0,1.563815803191541
901800.0,1.2960800707752607
903600.0,0.9447404652699252
905400.0,0.5318946065892145
907200.0,0.08364157798994215
909000.0,-0.37156742592427455
910800.0,-0.8047344377429211
912600.0,-1.1881615198750082
914400.0,-1.4972214409286044
916200.0,-1.7119390531622563
918000.0,-1.8182818480877379
919800.0,-1.8090763336736981
921600.0,-1.6844904258353182
923400.0,-1.4520494976958216
925200.0,-1.126183346725797
927000.0,-0.7273312418350173
928800.0,-0.2806604939790554
930600.0,0.18552115489172258
932400.0,0.6415592065151869
934200.0,1.0583385147039999
936000.0,1.4091418824423982
937800.0,1.6713625143111266
939600.0,1.827960574124806
941400.0,1.8685700143358464
943200.0,1.7901838048630294
945000.0,1.597372316208022
946800.0,1.3020192238010944
948600.0,0.9225900194517379
950400.0,0.4829780858598004
952200.0,0.011000402455993862
954000.0,-0.46336243472177924
955800.0,-0.9098705394800387
957600.0,-1.29995245411087
959400.0,-1.6085333735772962
961200.0,-1.8156468897887723
963000.0,-1.9077266577189136
964800.0,-1.87849443159618
966600.0,-1.7293863703024441
968400.0,-1.4694887620121169
970200.0,-1.1149855160801543
972000.0,-0.6881509312092662
973800.0,-0.21595038402247896
975600.0,0.27166317561182796
977400.0,0.7436493120877389
979200.0,1.169856237009513
981000.0,1.5229471699720696
982800.0,1.7801538406749435
984600.0,1.9247446427115071
986400.0,1.9471127636240952
988200.0,1.8454135360007233
990000.0,1.6257087751696897
991800.0,1.3016071859428249
993600.0,0.8934220443922765
995400.0,0.42689824275980376
997200.0,-0.06841154976767783
999000.0,-0.5610191881031835
1000800.0,-1.019503182150191
1002600.0,-1.4145133332716517
1004400.0,-1.7206499582278196
1006200.0,-1.9180973529596304
1008000.0,-1.9939064280990964
1009800.0,-1.9428434873545055
1011600.0,-1.7677495346696603
1013400.0,-1.4793855539243443
1015200.0,-1.095771934929295
1017000.0,-0.641062537057871
1018800.0,-0.1440237217960406
1020600.0,0.36378586617757735
1022400.0,0.8500195729289624
1024200.0,1.2836037424903588
1026000.0,1.6367241004053883
1027800.0,1.8866104957787593
1029600.0,2.017005447807898
1031400.0,2.019221761627791
1033200.0,1.8927204102195347
1035000.0,1.645170287522255
1036800.0,1.2919843948513463
1038600.0,0.8553604313180074
1040400.0,0.362885486633548
1042200.0,-0.1542074504819005
1044000.0,-0.6630209542563404
1045800.0,-1.1310868479358103
1047600.0,-1.5284388179411867
1049400.0,-1.829531599754027
1051200.0,-2.0148837743952024
1053000.0,-2.072338490843541
1054800.0,-1.9978605078318117
1056600.0,-1.7958173105642425
1058400.0,-1.4787248441767205
1060200.0,-1.0664725319288384
1062000.0,-0.5850755360169542
1063800.0,-0.06503254332021541
1065600.0,0.46060722867871096
1067400.0,0.9583452469999251
1069200.0,1.396369450441061
1071000.0,1.746588374513246
1072800.0,1.9864334878086798
1074600.0,2.100314050232286
1076400.0,2.080630669721197
1078200.0,1.9282816535879221
1080000.0,1.6526284564976894
1081800.0,1.2709209735001334
1083600.0,0.807217918779994
1085400.0,0.2908698652091454
1087200.0,-0.24533937540097955
1089000.0,-0.7672752832849776
1090800.0,-1.2416267194704067
1092600.0,-1.6380330290626834
1094400.0,-1.9310282593173709
1096200.0,-2.1016779235216028
1098000.0,-2.1388030582052315
1099800.0,-2.039712409633927
1101600.0,-1.810394796144258
1103400.0,-1.4651580443231784
1105200.0,-1.0257362022131102
1107000.0,-0.5199207381170247
1108800.0,0.020198036845762955
1110600.0,0.5602679897219224
1112400.0,1.065861254566449
1114200.0,1.5046701918233991
1116000.0,1.8485730676364143
1117800.0,2.075437299236572
1119600.0,2.1705445691563705
1121400.0,2.127545995354874
1123200.0,1.9488853471505287
1125000.0,1.6456621271243679
1126800.0,1.236942044155617
1128600.0,0.7485577051188741
1130400.0,0.21147499584897705
1132200.0,-0.34017148584249673
1134000.0,-0.8712492334765787
1135800.0,-1.3478667324443996
1137600.0,-1.7395376871401949
1139400.0,-2.021132282624998
1141200.0,-2.174490509896133
1143000.0,-2.189593914230858
1144800.0,-2.065220118752419
1146600.0,-1.809037354793838
1148400.0,-1.437131905398445
1150200.0,-0.972997564216961
1152000.0,-0.44605061726195155
1153800.0,0.11023573234486617
1155600.0,0.6604591070824718
1157400.0,1.1695425239396342
1159200.0,1.6049721110366326
1161000.0,1.9388751188338698
1162800.0,2.1498053241317314
1164600.0,2.2241213823437547
1166400.0,2.1568694819324787
1168200.0,1.9521131583697182
1170000.0,1.6226883300296757
1171800.0,1.1893982816157327
1173600.0,0.679699101763631
1175400.0,0.12595869268356197
1177200.0,-0.4366001775823251
1179000.0,-0.9721419713059356
1180800.0,-1.4465028026927547
1182600.0,-1.8293714525724456
1184400.0,-2.0962276379778655
1186200.0,-2.229913501172114
1188000.0,-2.221737528770727
1189800.0,-2.072039826785832
1191600.0,-1.7901819718962555
1193400.0,-1.3939613479688089
1195200.0,-0.9084866188199068
1197000.0,-0.3645854359577093
1198800.0,0.2031545702413614
1200600.0,0.7585869348706565
1202400.0,1.266309453101981
1204200.0,1.6939223703698307
1206000.0,2.0140975151905303
1207800.0,2.2063261326247057
1209600.0,2.2582335457507763
1211400.0,2.166376308047137
1213200.0,1.9364704596483349
1215000.0,1.5830357655088405
1216800.0,1.128478080028703
1218600.0,0.6016678708101235
1220400.0,0.0361051498595506
1222200.0,-0.5322124577899142
1224000.0,-1.0670827273175378
1225800.0,-1.5344067522100748
1227600.0,-1.904364519851464
1229400.0,-2.1533192288527836
1231200.0,-2.2653286411575952
1233000.0,-2.233166755407548
1234800.0,-2.0587902753194824
1236600.0,-1.7532197400598826
1238400.0,-1.3358425247742154
1240200.0,-0.8331818244811253
1242000.0,-0.27720984573917745
1243800.0,0.2966874328418157
1245600.0,0.8519642721251769
1247400.0,1.3532442656061616
1249200.0,1.7685759599364062
1251000.0,2.071471067404956
1252800.0,2.24259514604485
1254600.0,2.2710027483091237
1256400.0,2.1548380690383517
1258200.0,1.9014562062545768
1260000.0,1.5269571090991683
1261800.0,1.0551617662367425
1263600.0,0.516095791628559
1265400.0,-0.05592298180660851
1267200.0,-0.6244709965005862
1269000.0,-1.1533401316613308
1270800.0,-1.6088454915758816
1272600.0,-1.9619726106250885
1274400.0,-2.1902270928635876
1276200.0,-2.2790686780166385
1278000.0,-2.222838234874148
1279800.0,-2.02511853495262
1281600.0,-1.6985057881687597
1283400.0,-1.2638065209627494
1285200.0,-0.7487110447284013
1287000.0,-0.18602815698904782
1288800.0,0.3884062928794027
1290600.0,0.9380135443491797
1292400.0,1.4278030660380587
1294200.0,1.8266020132772987
1296000.0,2.109040835934738
1297800.0,2.257168457783902
1299600.0,2.261594112690152
1301400.0,2.1220831495823593
1303200.0,1.847568975793386
1305000.0,1.4555805698253066
1306800.0,0.9711222799991602
1308600.0,0.42507755412541226
1310400.0,-0.14776141197763648
1312200.0,-0.7109122980531737
1314000.0,-1.2285279643372504
1315800.0,-1.6676801089809343
1317600.0,-2.000455680327101
1319400.0,-2.2057324678503596
1321200.0,-2.2705208348040524
1323000.0,-2.1907862966242213
1324800.0,-1.9717008167087304
1326600.0,-1.6273071645980275
1328400.0,-1.179618130323085
1330200.0,-0.6572084214766888
1332000.0,-0.09338938718791394
1333800.0,0.4759167447087642
1335600.0,1.014467354415464
1337400.0,1.488008478816214
1339200.0,1.8664551952801856
1341000.0,2.125804443817014
1342800.0,2.249658575723097
1344600.0,2.230262852180668
1346400.0,2.0689912034323683
1348200.0,1.7762498082706106
1350000.0,1.370805210903497
1351800.0,0.8785803843812993
1353600.0,0.3309960353502453
1355400.0,-0.23703663580753015
1357200.0,-0.7893433928035175
1359000.0,-1.2907924105693975
1360800.0,-1.7095306696562578
1362600.0,-2.0190088280849423
1364400.0,-2.1996657559249844
1366200.0,-2.2401657737260283
1368000.0,-2.138110287887874
1369800.0,-1.90017912738856
1371600.0,-1.5416933059554603
1373400.0,-1.0856278342096057
1375200.0,-0.5611382323310566
1377000.0,-0.0016953129645291478
1378800.0,0.5570523508384813
1380600.0,1.0795516636717444
1382400.0,1.5326088858353417
1384200.0,1.8874998925714184
1386000.0,2.1217925619124287
1387800.0,2.2207655918842772
1389600.0,2.178333951533312
1391400.0,1.997422760505185
1393200.0,1.6897666444683839
1395000.0,1.2751482738045707
1396800.0,0.780125519735545
1398600.0,0.23632917786192256
1400400.0,-0.3215595549216597
1402200.0,-0.8580224364656163
1404000.0,-1.3389670135737364
1405800.0,-1.7338946723748205
1407600.0,-2.017835939082494
1409400.0,-2.1729301470332887
1411200.0,-2.189549475173769
1413000.0,-2.0668965858545194
1414800.0,-1.8130387703187438
1416600.0,-1.4443774921739214
1418400.0,-0.9845882032126396
1420200.0,-0.46309899729143683
1422000.0,0.08679407757609313
1423800.0,0.6300542680848429
1425600.0,1.1321379293934208
1427400.0,1.5611923925115059
1429200.0,1.8900779565964239
1431000.0,2.0980855742110474
1432800.0,2.172241456868926
1434600.0,2.10811637916441
1436400.0,1.9100891947739362
1438200.0,1.5910489619734143
1440000.0,1.1715558789691844
1441800.0,0.6785156655611702
1443600.0,0.14345290496679491
1445400.0,-0.39950578253537355
1447200.0,-0.9158096282255539
1449000.0,-1.3726835953457233
1450800.0,-1.7412101020058706
1452600.0,-1.998160292269594
1454400.0,-2.1274588279743103
1456200.0,-2.121189795665117
1458000.0,-1.9800807763509432
1459800.0,-1.713435519062722
1461600.0,-1.3385208542536882
1463400.0,-0.8794482321907287
1465200.0,-0.3656223609401663
1467000.0,0.17014319020380378
1468800.0,0.6937225968163125
1470600.0,1.1718525621510092
1472400.0,1.5742466092516338
1474200.0,1.8755144266400818
1476000.0,2.056764578275835
1477800.0,2.1067893735309124
1479600.0,2.0227575707017995
1481400.0,1.8103721282621148
1483200.0,1.483484399278895
1485000.0,1.0631908010158242
1486800.0,0.5764708755462784
1488600.0,0.05445469783266759
1490400.0,-0.4695690544047077
1492200.0,-0.9622768518821913
1494000.0,-1.3924303332150294
1495800.0,-1.7328576601544767
1497600.0,-1.9621704881461342
1499400.0,-2.0661080239923733
1501200.0,-2.038423696574093
1503000.0,-1.8812593304511402
1504800.0,-1.604984499722085
1506600.0,-1.2275128522167298
1508400.0,-0.77314045517591
1510200.0,-0.27098150707002255
1512000.0,0.2468978344082785
1513800.0,0.7475278441794241
1515600.0,1.199134939774253
1517400.0,1.5731589386957312
1519200.0,1.8460597487722492
1521000.0,2.0007991725688097
1522800.0,2.0279045376182823
1524600.0,1.926047768401607
1526400.0,1.7021045620624569
1528200.0,1.3706915278884728
1530000.0,0.953212380011432
1531800.0,0.4764754177459343
1533600.0,-0.029028387769831458
1535400.0,-0.531076069734897
1537200.0,-0.9977672716894003
1539000.0,-1.3995517395542454
1540800.0,-1.7111008055584118
1542600.0,-1.9129043158229255
1544400.0,-1.9924923099641025
1546200.0,-1.9452049668636062
1548000.0,-1.774463323881189
1549800.0,-1.4915251958772244
1551600.0,-1.114743524078005
1553400.0,-0.6683759822688563
1555200.0,-0.181023052132465
1557000.0,0.3162048447612994
1558800.0,0.7916736743298582
1560600.0,1.215238728564651
1562400.0,1.5601560653808892
1564200.0,1.8047712327459509
1566000.0,1.9338786410533508
1567800.0,1.9396662622242418
1569600.0,1.8221870025013964
1571400.0,1.589328402902044
1573200.0,1.2562843258741683
1575000.0,0.844563946766283
1576800.0,0.3806026713448191
1578600.0,-0.10593530998631773
1580400.0,-0.5840538254775123
1582200.0,-1.0233995829787597
1584000.0,-1.396189252718118
1585800.0,-1.6789664190062052
1587600.0,-1.854077299474813
1589400.0,-1.9107724070211365
1591200.0,-1.8458654435427209
1593000.0,-1.6639091111383777
1594800.0,-1.3768783843242551
1596600.0,-1.0033831347018372
1598400.0,-0.5674618422083012
1600200.0,-0.09703457242837805
1602000.0,0.3778852216783955
1603800.0,0.8271055436755675
1605600.0,1.2221751772757392
1607400.0,1.5381854820510312
1609200.0,1.7553405672685327
1611000.0,1.860196887292733
1612800.0,1.846494674125037
1614600.0,1.715529847821042
1616400.0,1.4760444387098988
1618200.0,1.143644236421102
1620000.0,0.7397823947697468
1621800.0,0.2903751633681258
1623600.0,-0.17586094811615538
1625400.0,-0.6292438931236383
1627200.0,-1.0410154885251874
1629000.0,-1.3851652388170366
1630800.0,-1.6400729405481849
1632600.0,-1.7898663640893546
1634400.0,-1.8254087954925844
1636200.0,-1.744855052614714
1638000.0,-1.5537422326435335
1639800.0,-1.2646111320801192
1641600.0,-0.896184111541835
1643400.0,-0.47215326072929287
1645200.0,-0.01965727607805775
1647000.0,0.43245505174507587
1648800.0,0.8554636498859596
1650600.0,1.2226010964013794
1652400.0,1.510745873617062
1654200.0,1.70187786865329
1656000.0,1.7842045438062755
1657800.0,1.7528874537872052
1659600.0,1.6103244282475244
1661400.0,1.3659711217535535
1663200.0,1.0357149467060673
1665000.0,0.6408427827704053
1666800.0,0.20666950077232057
1668600.0,-0.23908436831519086
1670400.0,-0.6680618833623856
1672200.0,-1.05307297769739
1674000.0,-1.3698171457293322
1675800.0,-1.5984164350119332
1677600.0,-1.724662088997137
1679400.0,-1.7408967178509436
1681200.0,-1.6464772981816476
1683000.0,-1.4477911124609875
1684800.0,-1.1578252211154552
1686600.0,-0.7953184008262517
1688400.0,-0.38355088336021614
1690200.0,0.0511499780905171
1692000.0,0.48109223674764484
1693800.0,0.8789825939435657
1695600.0,1.2196581354023905
1697400.0,1.481676742608871
1699200.0,1.6486657200352564
1701000.0,1.7103438805959053
1702800.0,1.6631533554865168
1704600.0,1.5104623875091738
1706400.0,1.2623277292362436
1708200.0,0.934833254615274
1710000.0,0.5490482272423726
1711800.0,0.12967265244528667
1713600.0,-0.29654323765637275
1715400.0,-0.7025042859401136
1717200.0,-1.062491848938678
1719000.0,-1.353792071157537
1720800.0,-1.5581279782382937
1722600.0,-1.6628051694247028
1724400.0,-1.6614993657401294
1726200.0,-1.5546370336375175
1728000.0,-1.3493462830454312
1729800.0,-1.058982576060028
1731600.0,-0.7022607400405482
1733400.0,-0.3020496486553297
1735200.0,0.11609285320170877
1737000.0,0.5255509822506402
1738800.0,0.9003439882223832
1740600.0,1.2167734533320647
1742400.0,1.4549205532620995
1744200.0,1.5998987640157714
1746000.0,1.6427833108345489
1747800.0,1.5811594064381587
1749600.0,1.4192556848733286
1751400.0,1.1676556487435388
1753200.0,0.8426067310655636
1755000.0,0.4649720298697254
1756800.0,0.058892294851001024
1758600.0,-0.3497560870615561
1760400.0,-0.7350086840774148
1762200.0,-1.072461367947405
1764000.0,-1.3408148613377031
1765800.0,-1.523217818434269
1767600.0,-1.6083238340850394
1769400.0,-1.5909961614601074
1771200.0,-1.4726164458307587
1773000.0,-1.2609790131479517
1774800.0,-0.9697785802638561
1776600.0,-0.6177250078113683
1778400.0,-0.2273422671340911
1780200.0,0.1764713462525157
1782000.0,0.5680297959780145
1783800.0,0.9224916723214837
1785600.0,1.2174347009529494
1787400.0,1.434272693996265
1789200.0,1.5594254951475344
1791000.0,1.5851683615471814
1792800.0,1.5101077348588303
1794600.0,1.3392541713983166
1796400.0,1.0836888091774237
1798200.0,0.7598455220442454
1800000.0,0.3884552152482347
1801800.0,-0.006779982574866602
1803600.0,-0.40069792008878974
1805400.0,-0.7682767574396391
1807200.0,-1.086222752130597
1809000.0,-1.3344448463359058
1810800.0,-1.4973228104118324
1812600.0,-1.5646889919804932
1814400.0,-1.5324620487735263
1816200.0,-1.4028932344572587
1818000.0,-1.1844104462640348
1819800.0,-0.8910707660569487
1821600.0,-0.5416570147194983
1823400.0,-0.15847632581486143
1825200.0,0.2340624902972423
1827000.0,0.6110021563873778
1828800.0,0.948421981010109
1830600.0,1.2249541960331212
1832400.0,1.4231355670706145
1834200.0,1.5305088829180629
1836000.0,1.5404049365472265
1837800.0,1.452355981732488
1839600.0,1.2721150883873709
1841400.0,1.0112808370200022
1843200.0,0.686551802065528
1845000.0,0.31865869226991433
1846800.0,-0.06895763575315222
1848600.0,-0.45163807995796146
1850400.0,-0.8050722642287912
1852200.0,-1.106841118483158
1854000.0,-1.3378372999214165
1855800.0,-1.4834735693988625
1857600.0,-1.5346027994449318
1859400.0,-1.4880916673872744
1861200.0,-1.3470121085059599
1863000.0,-1.1204388714231024
1864800.0,-0.8228664921746368
1866600.0,-0.47328310309549054
1868400.0,-0.09396019362612243
1870200.0,0.29096462811651197
1872000.0,0.6570217921226769
1873800.0,0.9809634476439822
1875600.0,1.2422381371505824
1877400.0,1.4242930349546763
1879200.0,1.5156213374937435
1881000.0,1.5104886162061744
1882800.0,1.409292345019109
1884600.0,1.2185320977966498
1886400.0,0.9503926006116737
1888200.0,0.6219663556538112
1890000.0,0.25416537544505285
1891800.0,-0.12960876537790286
1893600.0,-0.5049520808326549
1895400.0,-0.8480081341730878
1897200.0,-1.1369824866302385
1899000.0,-1.3535256129888367
1900800.0,-1.4838966434100396
1902600.0,-1.5198342186656977
1904400.0,-1.459079336734061
1906200.0,-1.3055171439292828
1908000.0,-1.0689287848591527
1909800.0,-0.7643691425086181
1911600.0,-0.41121000790609163
1913400.0,-0.03190941763558763
1915200.0,0.34941475454015686
1917000.0,0.7085164661053737
1918800.0,1.0225612817051644
1920600.0,1.2715765918228867
1922400.0,1.4397202841871721
1924200.0,1.5162873803208905
1926000.0,1.4963907520142092
1927800.0,1.3812726842401928
1929600.0,1.1782274452345838
1931400.0,0.9001396804848275
1933200.0,0.5646678044078286
1935000.0,0.193124079251549
1936800.0,-0.19087768102346125
1938600.0,-0.5629210834121587
1940400.0,-0.8993377698881733
1942200.0,-1.178711318493748
1944000.0,-1.383238988847796
1945800.0,-1.4998648306911193
1947600.0,-1.5211121209087795
1949400.0,-1.4455621152509015
1951200.0,-1.2779484940387773
1953000.0,-1.028861230553729
1954800.0,-0.7140783757585627
1956600.0,-0.35356786521194056
1958400.0,0.029777583082322114
1960200.0,0.4115924277438946
1962000.0,0.7675851433382527
1963800.0,1.075081857808723
1965600.0,1.314468811918425
1967400.0,1.470441981774107
1969200.0,1.5329843401601404
1971000.0,1.4980084221014733
1972800.0,1.3676230214066945
1974600.0,1.150006641736726
1976400.0,0.8588952533003359
1978200.0,0.5127163863869475
1980000.0,0.13342407369025214
1981800.0,-0.25489179261911843
1983600.0,-0.6275337081343727
1985400.0,-0.9607655710578832
1987200.0,-1.233322900739248
1989000.0,-1.4277682793614628
1990800.0,-1.5316057126637612
1992600.0,-1.5380827712299814
1994400.0,-1.4466290761089962
1996200.0,-1.262902689750707
1998000.0,-0.9984408129432322
1999800.0,-0.669936298876291
2001600.0,-0.2981852849530078
2003400.0,0.09322779929933432
2005200.0,0.47942479804844323
2007000.0,0.8358133652246454
2008800.0,1.1396512951751805
2010600.0,1.3714962461354308
2012400.0,1.5164485381012973
2014200.0,1.565107662843421
2016000.0,1.5141811628857837
2017800.0,1.3667064857311506
2019600.0,1.13187091529053
2021400.0,0.824440175779036
2023200.0,0.4638311790341895
2025000.0,0.07288706463014932
2026800.0,-0.3235682805794564
2028600.0,-0.7003048570151711
2030400.0,-1.0332905631188745
2032200.0,-1.3012227086371315
2034000.0,-1.4868895246354445
2035800.0,-1.5782747341738554
2037600.0,-1.569334363356972
2039400.0,-1.4603956249888845
2041200.0,-1.2581515966096488
2043000.0,-0.9752510328618823
2044800.0,-0.6295083769568278
2046600.0,-0.2427832345132649
2048400.0,0.1604002951725639
2050200.0,0.5544073201584294
2052000.0,0.9141205534659128
2053800.0,1.2165400634576273
2055600.0,1.4422525774066706
2057400.0,1.5766765551575488
2059200.0,1.6110032472828288
2061000.0,1.5427730583362482
2062800.0,1.376049551485668
2064600.0,1.1211789050683125
2066400.0,0.7941489531928274
2068200.0,0.41558744162305616
2070000.0,0.009462184320146522
2071800.0,-0.39843505685790653
2073600.0,-0.7821251543726401
2075400.0,-1.1170949010748592
2077200.0,-1.3818618712938213
2079000.0,-1.5593510368452452
2080800.0,-1.6379949891939694
2082600.0,-1.6124869307803753
2084400.0,-1.4841374678975636
2086200.0,-1.2608112885914382
2088000.0,-0.9564464593755265
2089800.0,-0.5901856349043305
2091600.0,-0.1851732561899861
2093400.0,0.2329057658927869
2095200.0,0.6374536971372511
2097000.0,1.0026508937784513
2098800.0,1.3051025632093738
2100600.0,1.525336413055852
2102400.0,1.64905537699105
2104200.0,1.6680648783903684
2106000.0,1.5808145404757612
2107800.0,1.3925185907332875
2109600.0,1.1148459029851001
2111400.0,0.7651979822844189
2113200.0,0.36561948729271315
2115000.0,-0.05859057431238958
2116800.0,-0.48047955687974614
2118600.0,-0.873152586544344
2120400.0,-1.2114860689622668
2122200.0,-1.4737341882677433
2124000.0,-1.6429257278255633
2125800.0,-1.7079615387499834
2127600.0,-1.6643417316703641
2129400.0,-1.5144749978234548
2131200.0,-1.2675489084541833
2133000.0,-0.9389679245416234
2134800.0,-0.5493934021444227
2136600.0,-0.12344534685560052
2138400.0,0.31185257502382596
2140200.0,0.7287866194476813
2142000.0,1.1007165417780398
2143800.0,1.4037769960824895
2145600.0,1.618408143663847
2147400.0,1.7306173476684998
2149200.0,1.732890608337241
2151000.0,1.6246944136508086
2152800.0,1.4125345595596495
2154600.0,1.1095665985006993
2156400.0,0.7347811225049673
2158200.0,0.3118142610100115
2160000.0,-0.1325421626686534
2161800.0,-0.5700369629779994
2163600.0,-0.9727550578156405
2165400.0,-1.3148980040126308
2167200.0,-1.5744360716863612
2169000.0,-1.734526096472667
2170800.0,-1.7846038871385248
2172600.0,-1.7210803720177497
2174400.0,-1.5475956626806777
2176200.0,-1.2748132215304453
2178000.0,-0.9197655678780611
2179800.0,-0.5047915850061856
2181600.0,-0.05613167175431713
2183400.0,0.39773096178675443
2185200.0,0.8278780452673619
2187000.0,1.2067983467174113
2188800.0,1.5101468051566607
2190600.0,1.718308238196539
2192400.0,1.817665208338991
2194200.0,1.8014881216641216
2196000.0,1.670389415293302
2197800.0,1.4323112689460455
2199600.0,1.1020459068373403
2201400.0,0.7003173573427834
2203200.0,0.2524816095260073
2205000.0,-0.2130733489300498
2206800.0,-0.6667266872753692
2208600.0,-1.0795090789995898
2210400.0,-1.424952384465129
2212200.0,-1.6807865802388438
2214000.0,-1.8303751526718044
2215800.0,-1.8637964525409871
2217600.0,-1.778500747635386
2219400.0,-1.579499514681053
2221200.0,-1.2790731881040784
2223000.0,-0.8960142483802797
2224800.0,-0.4544522344556278
2226600.0,0.01766589559811239
2228400.0,0.4903443769729687
2230200.0,0.933444312371298
2232000.0,1.3186053446344699
2233800.0,1.6210608023972757
2235600.0,1.821230143690554
2237400.0,1.905986308495747
2239200.0,1.8695159608275942
2241000.0,1.7137162783292355
2242800.0,1.448101313447376
2244600.0,1.08922214441932
2246400.0,0.6596360723978875
2248200.0,0.1864890215518578
2250000.0,-0.30019979043763445
2251800.0,-0.7694425278649164
2253600.0,-1.191255906233212
2255400.0,-1.5385772025899414
2257200.0,-1.789000656204933
2259000.0,-1.9262228374079582
2260800.0,-1.9411037417412391
2262600.0,-1.83227456175815
2264400.0,-1.6062517767038158
2266200.0,-1.2770485654911534
2268000.0,-0.8653065979420869
2269800.0,-0.3970019494796333
2271600.0,0.09819374885626742
2273400.0,0.5887935289643105
2275200.0,1.043497515511709
2277000.0,1.4331902006896713
2278800.0,1.732805091039435
2280600.0,1.9229372844266293
2282400.0,1.9911002188995939
2284200.0,1.9325451964183595
2286000.0,1.7505899182759652
2287800.0,1.4564334288435388
2289600.0,1.0684675722358603
2291400.0,0.6111272391451856
2293200.0,0.11335126204831447
2295000.0,-0.3932490915444019
2296800.0,-0.8763980936130755
2298600.0,-1.305212418941368
2300400.0,-1.6521757812093971
2302200.0,-1.8949050492776691
2304000.0,-2.017594454366716
2305800.0,-2.0120446843289614
2307600.0,-1.8782098633764408
2309400.0,-1.6242259804210284
2311200.0,-1.2659173184446704
2313000.0,-0.8258107517121288
2314800.0,-0.33171929028151775
2316600.0,0.18501605643095892
2318400.0,0.6915149342678464
2320200.0,1.1554505933712667
2322000.0,1.54711386097014
2323800.0,1.8413163094789597
2325600.0,2.0190106570259094
2327400.0,2.068524122108214
2329200.0,1.9863248518997672
2331000.0,1.7772711166725825
2332800.0,1.4543258372949994
2334600.0,1.0377530986403956
2336400.0,0.5538464250565522
2338200.0,0.03326863587259794
2340000.0,-0.4908918690798298
2341800.0,-0.9852251356832767
2343600.0,-1.4181301460665934
2345400.0,-1.7618358551164122
2347200.0,-1.9941834588246432
2349000.0,-2.100055462490809
2350800.0,-2.072359349645842
2352600.0,-1.9125018363814177
2354400.0,-1.630322046558392
2356200.0,-1.2434864058039423
2358000.0,-0.7763824302719099
2359800.0,-0.2585806831209618
2361600.0,0.27703806939446834
2363400.0,0.7963718347576443
2365200.0,1.2662697230714859
2367000.0,1.6566491776452306
2368800.0,1.9424228159684276
2370600.0,2.105111398572503
2372400.0,2.1340391698590775
2374200.0,2.0270342193051087
2376000.0,1.7905879235042281
2377800.0,1.439461954878806
2379600.0,0.9957665895321132
2381400.0,0.487567864518507
2383200.0,-0.052888640587674604
2385000.0,-0.5912249316169874
2386800.0,-1.0931186041178897
2388600.0,-1.5264923881199908
2390400.0,-1.8635654727926318
2392200.0,-2.0826353521689276
2394000.0,-2.1694758388293005
2395800.0,-2.1182611414262675
2397600.0,-1.9319559615752102
2399400.0,-1.622145528399016
2401200.0,-1.2083151935158805
2403000.0,-0.7166243779146961
2404800.0,-0.17825204655571353
2406600.0,0.3725815887401828
2408400.0,0.90079154180049
2410200.0,1.3726641863041937
2412000.0,1.758010441244065
2413800.0,2.032098401360984
2415600.0,2.1772416103702477
2417400.0,2.1839409147968865
2419200.0,2.051506139011405
2421000.0,1.7881168922110129
2422800.0,1.4103175518971751
2424600.0,0.9419775877080241
2426400.0,0.41278258704640286
2428200.0,-0.14364856904235646
2430000.0,-0.6919008850785536
2431800.0,-1.1970188330994158
2433600.0,-1.6267365813791281
2435400.0,-1.9535404786385488
2437200.0,-2.156431864637073
2439000.0,-2.222277185179953
2440800.0,-2.1466585482146603
2442600.0,-1.9341696087593558
2444400.0,-1.5981369945345623
2446200.0,-1.1597841301812877
2448000.0,-0.6468899464531044
2449800.0,-0.09202729358896333
2451600.0,0.46950715596595916
2453400.0,1.0019398626208798
2455200.0,1.471301090536047
2457000.0,1.8475937887308747
2458800.0,2.106712103097489
2460600.0,2.2319867273481404
2462400.0,2.215257953298512
2464200.0,2.057407298144736
2466000.0,1.7683130594492202
2467800.0,1.3662318808703646
2469600.0,0.8766450593349538
2471400.0,0.33064254573313745
2473200.0,-0.23705280328184664
2475000.0,-0.7902950725507247
2476800.0,-1.293818489295511
2478600.0,-1.7154871074399636
2480400.0,-2.028347353120921
2482200.0,-2.212352233169756
2484000.0,-2.255646825040018
2485800.0,-2.155332555346099
2487600.0,-1.9176609607206208
2489400.0,-1.5576439944495568
2491200.0,-1.0981051749930466
2493000.0,-0.5682315902263066
2494800.0,-0.0017186906667452037
2496600.0,0.5653741167205705
2498400.0,1.0969204967562862
2500200.0,1.5590303985000826
2502000.0,1.9222124965403444
2503800.0,2.1632577720060597
2505600.0,2.2667238355706147
2507400.0,2.225924988040785
2509200.0,2.043364493108346
2511000.0,1.7305810950723426
2512800.0,1.30741918322953
2514600.0,0.8007687982918917
2516400.0,0.2428555438721367
2518200.0,-0.3308107575133076
2520000.0,-0.8836979806304955
2521800.0,-1.3805799907033385
2523600.0,-1.7897828061465995
2525400.0,-2.085205291179719
2527200.0,-2.2479853610761307
2529000.0,-2.267705249412408
2530800.0,-2.1430587597634148
2532600.0,-1.8819377305570406
2534400.0,-1.5009319919743922
2536200.0,-1.0242745224000538
2538000.0,-0.48229892850441924
2539800.0,0.09049248514707837
2541600.0,0.6576269142734172
2543400.0,1.1829853569232396
2545200.0,1.633104778747376
2547000.0,1.9793112864030737
2548800.0,2.1995482150460783
2550600.0,2.279782486641045
2552400.0,2.2148994952287424
2554200.0,2.009029406193932
2556000.0,1.6752840354996366
2557800.0,1.2349210851088115
2559600.0,0.7159890505714853
2561400.0,0.15153925255094133
2563200.0,-0.42248094006478165
2565000.0,-0.9695192950949395
2566800.0,-1.4547481579125756
2568600.0,-1.8472835747915894
2570400.0,-2.1221525878811214
2572200.0,-2.261883284783041
2574000.0,-2.2576162814850456
2575800.0,-2.1096668747842666
2577600.0,-1.8275021665685027
2579400.0,-1.4291347971483022
2581200.0,-0.9399721437069721
2583000.0,-0.39119456646062983
2584800.0,0.18223369710084386
2586600.0,0.7437939953106966
2588400.0,1.2577408085382
2590200.0,1.6913789113097932
2592000.0,2.017144968056623
2593800.0,2.2143609287809327
2595600.0,2.2705475972993727
2597400.0,2.1822148632789755
2599200.0,1.9550785209156814
2601000.0,1.6036902044125712
2602800.0,1.1505044144614407
2604600.0,0.6244424998171413
2606400.0,0.05904550369554766
2608200.0,-0.509666056883062
2610000.0,-1.0454888051554783
2611800.0,-1.5143429678017375
2613600.0,-1.8864416305943341
2615400.0,-2.1381846009643333
2617200.0,-2.253656372580037
2619000.0,-2.225633041171504
2620800.0,-2.0560344234320955
2622600.0,-1.7557930720834545
2624400.0,-1.3441490942695016
2626200.0,-0.847416290455823
2628000.0,-0.297298800939993
2629800.0,0.2711339690379156
2631600.0,0.821684695792937
2633400.0,1.3193349080493815
2635200.0,1.7324740648390826
2637000.0,2.03490894286168
2638800.0,2.207525507874919
2640600.0,2.2394977543365906
2642400.0,2.128967011355388
2644200.0,1.883149071416417
2646000.0,1.5178630347578028
2647800.0,1.05651264187069
2649600.0,0.5285857356467185
2651400.0,-0.03223186910862513
2653200.0,-0.5902073768975984
2655000.0,-1.1098394113279983
2656800.0,-1.5581184410777371
2658600.0,-1.9066252029441941
2660400.0,-2.133333630082662
2662200.0,-2.224003828863779
2664000.0,-2.1730769541338733
2665800.0,-1.9840157207277331
2667600.0,-1.6690697158964092
2669400.0,-1.2484813772493235
2671200.0,-0.7491841305818729
2673000.0,-0.2030764703538619
2674800.0,0.35501734168086446
2676600.0,0.8895694936478601
2678400.0,1.3666118525804487
2680200.0,1.755895931401975
2682000.0,2.032812153391815
2683800.0,2.1799465584108257
2685600.0,2.1881764215531816
2687400.0,2.057235821113775
2689200.0,1.7957161016103176
2691000.0,1.4205022583211953
2692800.0,0.9556822171374271
2694600.0,0.4309995051255755
2696400.0,-0.12005123012387339
2698200.0,-0.6623638287026011
2700000.0,-1.1614585884239677
2701800.0,-1.5856758369205195
2703600.0,-1.908185464531208
2705400.0,-2.108684790269705
2707200.0,-2.17467725732537
2709000.0,-2.1022513891067685
2710800.0,-1.8963114499510254
2712600.0,-1.5702462941999924
2714400.0,-1.145058712696458
2716200.0,-0.648011910966026
2718000.0,-0.11088039323486801
2719800.0,0.43208246428316577
2721600.0,0.9463300704878481
2723400.0,1.3992219602296976
2725200.0,1.7620967208695262
2727000.0,2.0120867846273414
2728800.0,2.1335601193180813
2730600.0,2.1190978893492862
2732400.0,1.9699469351178038
2734200.0,1.6959195203381003
2736000.0,1.3147480722571192
2737800.0,0.8509373365870684
2739600.0,0.33418827721616373
2741400.0,-0.20250485645997257
2743200.0,-0.7249623090693302
2745000.0,-1.19999672156792
2746800.0,-1.5975223096207283
2748600.0,-1.892461205258922
2750400.0,-2.0663261147284775
2752200.0,-2.108379375260957
2754000.0,-2.0162957334337483
2755800.0,-1.7962879652362747
2757600.0,-1.4626887745194608
2759400.0,-1.0370170487128363
2761200.0,-0.5465893103140241
2763000.0,-0.022765997503976808
2764800.0,0.5010547864106004
2766600.0,0.9915676469094228
2768400.0,1.417678442183473
2770200.0,1.7524761783669358
2772000.0,1.974933155256956
2773800.0,2.071225919258735
2775600.0,2.035594029826903
2777400.0,1.870683310050603
2779200.0,1.5873532264225976
2781000.0,1.2039622171146134
2782800.0,0.7451779819147609
2784600.0,0.2403898489902066
2786400.0,-0.2781745642549267
2788200.0,-0.7775076605219704
2790000.0,-1.2259236312584108
2791800.0,-1.5950698044525757
2793600.0,-1.861719853371924
2795400.0,-2.0092354225218774
2797200.0,-2.0286041800612122
2799000.0,-1.9189895489243516
2800800.0,-1.6877586491120626
2802600.0,-1.3499882965456729
2804400.0,-0.9274821219532388
2806200.0,-0.4473628816998285
2808000.0,0.05966913597982269
2809800.0,0.5612997461789017
2811600.0,1.0256609084320005
2813400.0,1.4233558068061198
2815200.0,1.729320250276664
2817000.0,1.924402506668033
2818800.0,1.9965619827584127
2820600.0,1.9416117403497366
2822400.0,1.763459107986118
2824200.0,1.4738307318798851
2826000.0,1.091501255954493
2827800.0,0.6410763365828177
2829600.0,0.15140888122952342
2831400.0,-0.34624953065317543
2833200.0,-0.8202435822815692
2835000.0,-1.2405281369468792
2836800.0,-1.580572989086658
2838600.0,-1.8190376794815797
2840400.0,-1.9411106427356557
2842200.0,-1.9394286677339752
2844000.0,-1.8145196344588113
2845800.0,-1.5747420082345889
2847600.0,-1.2357266711589674
2849400.0,-0.8193583024409875
2851200.0,-0.3523626738251851
2853000.0,0.13540894276437204
2854800.0,0.6128881151278226
2856600.0,1.0497683269082392
2858400.0,1.418428709475716
2860200.0,1.6956803129959053
2862000.0,1.86422451610005
2863800.0,1.913731868715387
2865600.0,1.841474122762103
2867400.0,1.6524708541414117
2869200.0,1.3591430796133324
2871000.0,0.9804976438226528
2872800.0,0.54089589852085
2874600.0,0.06848643225762359
2876400.0,-0.40659732102876395
2878200.0,-0.8541591828879912
2880000.0,-1.2458594363061735
2881800.0,-1.55700916022322
2883600.0,-1.7681260959917842
2885400.0,-1.8661540197064457
2887200.0,-1.8452693391579207
2889000.0,-1.7072251481100493
2890800.0,-1.4612125505338704
2892600.0,-1.1232498217102886
2894400.0,-0.7151399424986263
2896200.0,-0.26306432557375214
2898000.0,0.20409657599969
2899800.0,0.6566080640715113
2901600.0,1.0657735656420189
2903400.0,1.405754159209653
2905200.0,1.6551999102970107
2907000.0,1.7985900518905638
2908800.0,1.8271979247645667
2910600.0,1.7396207444893101
2912400.0,1.5418421319814395
2914200.0,1.2468251480055965
2916000.0,0.8736634082663616
2917800.0,0.4463458289509863
2919600.0,-0.0077851073297805036
2921400.0,-0.45978250091837974
2923200.0,-0.8809397255558366
2925000.0,-1.2446131298578862
2926800.0,-1.527907050533387
2928600.0,-1.7131146109260493
2930400.0,-1.7888236832503426
2932200.0,-1.7506189941669614
2934000.0,-1.6013372578233984
2935800.0,-1.350860766900667
2937600.0,-1.0154642378238699
2939400.0,-0.6167580232664825
2941200.0,-0.18029627922995603
2943000.0,0.26606030156882
2944800.0,0.6939223217994711
2946600.0,1.0761766675122852
2948400.0,1.3887039333141507
2950200.0,1.611899545317102
2952000.0,1.7319027034110914
2953800.0,1.7414561650024658
2955600.0,1.6403436103350748
2957400.0,1.4353783414744141
2959200.0,1.1399456462299682
2961000.0,0.7731294849674313
2962800.0,0.3584804355002904
2964600.0,-0.0774956011060712
2966400.0,-0.5070309915111109
2968200.0,-0.9028640921352993
2970000.0,-1.2399686186357786
2971800.0,-1.497135015560764
2973600.0,-1.6583039634798997
2975400.0,-1.7135682475273668
2977200.0,-1.6597805564814903
2979000.0,-1.5007300119503753
2980800.0,-1.2468777282205838
2982600.0,-0.9146697220071696
2984400.0,-0.525472248417803
2986200.0,-0.10419844207521804
2988000.0,0.3222855087979522
2989800.0,0.7268727439161982
2991600.0,1.0839375861633065
2993400.0,1.370957562984125
2995200.0,1.5699329955764072
2997000.0,1.6685147516863992
2998800.0,1.6607695775826867
3000600.0,1.5475356571372032
3002400.0,1.3363472023769891
3004200.0,1.040934291706662
3006000.0,0.6803310968046243
3007800.0,0.27765037144590105
3009600.0,-0.14139694544197098
3011400.0,-0.5501422517067188
3013200.0,-0.9226553216860294
3015000.0,-1.235388076061644
3016800.0,-1.468661959107434
3018600.0,-1.6079050558007084
3020400.0,-1.6445612549906499
3022200.0,-1.576614812424199
3024000.0,-1.4086982389367473
3025800.0,-1.1517779657003808
3027600.0,-0.8224390325389158
3029400.0,-0.4418154079703232
3031200.0,-0.03423487802385553
3033000.0,0.3743346704130836
3034800.0,0.7579384165892935
3036600.0,1.0922820620017928
3038400.0,1.3562690925533616
3040200.0,1.5333306625386747
3042000.0,1.6124643530935414
3043800.0,1.5889167626136793
3045600.0,1.4644676585850125
3047400.0,1.2472988043889475
3049200.0,0.951456955038712
3051000.0,0.5959462183051595
3052800.0,0.20350837603679486
3054600.0,-0.20083062089230153
3056400.0,-0.5913551635846449
3058200.0,-0.9432939973272642
3060000.0,-1.2343900020182779
3061800.0,-1.4463063588011642
3063600.0,-1.5657803573436868
3065400.0,-1.5854523292648832
3067200.0,-1.504317975770115
3069000.0,-1.3277763632039956
3070800.0,-1.0672715601304155
3072600.0,-0.7395516517127806
3074400.0,-0.3655930599881642
3076200.0,0.03074080588885753
3078000.0,0.42422087520444074
3079800.0,0.7898568224919374
3081600.0,1.1044826262012426
3083400.0,1.3482227842175931
3085200.0,1.5057464883521041
3087000.0,1.56723071095443
3088800.0,1.5289717836359324
3090600.0,1.3936074598548527
3092400.0,1.16993622220354
3094200.0,0.8723461481835812
3096000.0,0.519890365576227
3097800.0,0.13506844724014638
3099600.0,-0.2576083924415785
3101400.0,-0.6331768950370755
3103200.0,-0.9678070198812431
3105000.0,-1.2403123095982391
3106800.0,-1.4334897395905386
3108600.0,-1.5352044191405785
3110400.0,-1.5391508383203734
3112200.0,-1.445242976902646
3114000.0,-1.2596091954769624
3115800.0,-0.9941929154068971
3117600.0,-0.6659850725455272
3119400.0,-0.29593761893005377
3121200.0,0.09237252415071219
3123000.0,0.47424395795116686
3124800.0,0.8254203539334705
3126600.0,1.123629440370667
3128400.0,1.3499938982442516
3130200.0,1.4902248973649432
3132000.0,1.5355229052956543
3133800.0,1.4831290561858825
3135600.0,1.3364925865132906
3137400.0,1.105044218667183
3139200.0,0.8035903557309835
3141000.0,0.451366959792327
3142800.0,0.07081350337204916
3144600.0,-0.3138549495790024
3146400.0,-0.6781867736713026
3148200.0,-0.9990462226297765
3150000.0,-1.2560808337745244
3151800.0,-1.4330108388375242
3153600.0,-1.5186589938530328
3155400.0,-1.507655766915878
3157200.0,-1.4007754534525825
3159000.0,-1.2048822147588756
3160800.0,-0.932489771801744
3162600.0,-0.6009629659930014
3164400.0,-0.23141207268748523
3166200.0,0.15264981212620468
3168000.0,0.5268010237939319
3169800.0,0.8672623750908528
3171600.0,1.1524066081888484
3173400.0,1.3641305538495168
3175200.0,1.48900304839785
3177000.0,1.5191159109044765
3178800.0,1.4525841328430853
3180600.0,1.293663685170315
3182400.0,1.052479593432594
3184200.0,0.7443816347428149
3186000.0,0.38896860746603906
3187800.0,0.00884312182615783
3189600.0,-0.3718240711623116
3191400.0,-0.7288291338034791
3193200.0,-1.039472209763558
3195000.0,-1.2839990148544747
3196800.0,-1.4468555130296699
3198600.0,-1.5176760861371938
3200400.0,-1.4919424946597362
3202200.0,-1.3712717890871238
3204000.0,-1.163314847339821
3205800.0,-0.8812718943555943
3207600.0,-0.5430556431646468
3209400.0,-0.1701550449178692
3211200.0,0.2137283671536683
3213000.0,0.5841851119519805
3214800.0,0.9176479728488857
3216600.0,1.1928894570600324
3218400.0,1.3923714693321385
3220200.0,1.5033614891479483
3222000.0,1.518744298992573
3223800.0,1.4374775744344266
3225600.0,1.264662197639113
3227400.0,1.0112225683749516
3229200.0,0.6932169156970296
3231000.0,0.33082109326135045
3232800.0,-0.05294991655979678
3234600.0,-0.4337018760048946
3236400.0,-0.7872100545954398
3238200.0,-1.0909586707519154
3240000.0,-1.3255732996857377
3241800.0,-1.4760552272354357
3243600.0,-1.532739198590454
3245400.0,-1.491913473183207
3247200.0,-1.356062451532802
3249000.0,-1.133716037889708
3250800.0,-0.8389148328873617
3252600.0,-0.49032463457242553
3254400.0,-0.11005601827280521
3256200.0,0.27773644962895405
3258000.0,0.6483867269713768
3259800.0,0.9782844226904613
3261600.0,1.246377084434222
3263400.0,1.435512166451005
3265200.0,1.5335332292441992
3267000.0,1.534060389353427
3268800.0,1.436904967462088
3270600.0,1.2480914195682913
3272400.0,0.979484517669442
3274200.0,0.6480447987296084
3276000.0,0.2747589355242321
3277800.0,-0.11668760078918261
3279600.0,-0.5014117376571626
3281400.0,-0.854912820177188
3283200.0,-1.1546312353959085
3285000.0,-1.3813865950681092
3286800.0,-1.520603887496557
3288600.0,-1.563249293257945
3290400.0,-1.506415639653624
3292200.0,-1.3535195952527301
3294000.0,-1.1140972832983198
3295800.0,-0.8032104670438144
3297600.0,-0.4405002170803225
3299400.0,-0.0489474381494608
3301200.0,0.3465816197415607
3303000.0,0.7209129117411002
3304800.0,1.0501652332792657
3306600.0,1.3132722695438277
3308400.0,1.4933291468189078
3310200.0,1.578677495765707
3312000.0,1.56365944553168
3313800.0,1.448991834446756
3315600.0,1.2417359344416634
3317400.0,0.9548636258178496
3319200.0,0.6064466030681005
3321000.0,0.21851921307360322
3322800.0,-0.18431360504499517
3324600.0,-0.57643542704763
3326400.0,-0.9328458020703375
3328200.0,-1.2307527639172549
3330000.0,-1.4510290439228024
3331800.0,-1.5794390260027673
3333600.0,-1.6075578055740796
3335400.0,-1.5333230711695243
3337200.0,-1.3611837053904121
3339000.0,-1.101834538850656
3340800.0,-0.7715529714721343
3342600.0,-0.39117853246999584
3344400.0,0.015200730040530505
3346200.0,0.4217723139520396
3348000.0,0.8026374443741371
3349800.0,1.1334594942416345
3351600.0,1.3930178097090442
3353400.0,1.5645678097504399
3355200.0,1.6369202529507778
3357000.0,1.6051701628000141
3358800.0,1.4710279745691301
3360600.0,1.2427306230207578
3362400.0,0.9345369413447993
3364200.0,0.5658381982880176
3366000.0,0.15993917988027959
3367800.0,-0.25741364427310665
3369600.0,-0.6596639972658574
3371400.0,-1.0211343627176137
3373200.0,-1.3186639551120833
3375000.0,-1.5330916775612502
3376800.0,-1.6504891775323751
3378600.0,-1.6630647045794014
3380400.0,-1.569679163944383
3382200.0,-1.3759402470963857
3384000.0,-1.0938672600192891
3385800.0,-0.7411465689615045
3387600.0,-0.34002370665317855
3389400.0,0.08409853630694805
3391200.0,0.5042677611115851
3393000.0,0.8936936818182909
3394800.0,1.2274552771892282
3396600.0,1.4840946524191614
3398400.0,1.6469957295779354
3400200.0,1.705459234215675
3402000.0,1.6554044764601383
3403800.0,1.4996519468827272
3405600.0,1.247767279155583
3407400.0,0.9154749949241158
3409200.0,0.523677872420723
3411000.0,0.09714302162581373
3412800.0,-0.33706280956999507
3414600.0,-0.751289910543914
3416400.0,-1.1190654462410603
3418200.0,-1.4167845037319193
3420000.0,-1.6252243742155217
3421800.0,-1.7307849707726208
3423600.0,-1.726375379094261
3425400.0,-1.61188879309347
3427200.0,-1.3942341013008066
3429000.0,-1.0869205201882073
3430800.0,-0.7092201330968192
3432600.0,-0.2849601764744475
3434400.0,0.1589793056744358
3436200.0,0.5943677695764407
3438000.0,0.99341868517775
3439800.0,1.330562229423132
3441600.0,1.58408310649964
3443400.0,1.7375186227863615
3445200.0,1.7807270379669506
3447000.0,1.7105568966924882
3448800.0,1.5310732209861826
3450600.0,1.2533245247169886
3452400.0,0.8946638192145687
3454200.0,0.47766525618248
3456000.0,0.028703982728066377
3457800.0,-0.42371149868060515
3459600.0,-0.8507490653897852
3461400.0,-1.2250899565181297
3463200.0,-1.5226759910757597
3465000.0,-1.7242553007835784
3466800.0,-1.8166272876416405
3468600.0,-1.7935063245230858
3470400.0,-1.6559477269122438
3472200.0,-1.412307224123209
3474000.0,-1.0777347966213726
3475800.0,-0.6732334398543924
3477600.0,-0.22434127100369777
3479400.0,0.24048037001214612
3481200.0,0.6916511192679416
3483000.0,1.1003537415586604
3484800.0,1.4403744968953953
3486600.0,1.689784202607361
3488400.0,1.832352198418553
3490200.0,1.8586020587287053
3492000.0,1.7664404092654082
3493800.0,1.5613171802612953
3495600.0,1.25590536131941
3497400.0,0.8693189277274483
3499200.0,0.42591713500851236
3501000.0,-0.04623005981417538
3502800.0,-0.5171188010844237
3504600.0,-0.9567179067471437
3506400.0,-1.3368840657219467
3508200.0,-1.6331635237385862
3510000.0,-1.826364917372016
3511800.0,-1.903802096460074
3513600.0,-1.8601264619551423
3515400.0,-1.697694243455317
3517200.0,-1.426443614715614
3519000.0,-1.063287728541619
3520800.0,-0.6310606608014826
3522600.0,-0.15708191325045207
3524400.0,0.3285703009271891
3526200.0,0.7949678598048623
3528000.0,1.2123024857481979
3529800.0,1.5537909898996005
3531600.0,1.7973942196246866
3533400.0,1.9272393767980889
3535200.0,1.9346539138372456
3537000.0,1.8187436780579096
3538800.0,1.5864768227406367
3540600.0,1.2522664093072335
3542400.0,0.8370765933564992
3544200.0,0.36710777908608866
3546000.0,-0.1278568100696507
3547800.0,-0.616338801852812
3549600.0,-1.0671669334645293
3551400.0,-1.4514665191269196
3553200.0,-1.7445091276901201
3555000.0,-1.9273039591302434
3556800.0,-1.9878284917090123
3558600.0,-1.9218186486082747
3560400.0,-1.7330665786746726
3562200.0,-1.4332054001012593
3564000.0,-1.0409929342756001
3565800.0,-0.5811384776905402
3567600.0,-0.08274597569105452
3569400.0,0.4225283083423649
3571200.0,0.9024869857006903
3573000.0,1.3264437912329228
3574800.0,1.667186043227591
3576600.0,1.9027217742470834
3578400.0,2.0176993313777527
3580200.0,2.0044077907193447
3582000.0,1.8632929964752099
3583800.0,1.6029547486423774
3585600.0,1.2396236770994378
3587400.0,0.7961495526134937
3589200.0,0.3005640761789577
3591000.0,-0.2156914476545754
3592800.0,-0.7197614705697896
3594600.0,-1.1794679229016884
3596400.0,-1.5653650843651405
3598200.0,-1.852626331845857
3600000.0,-2.022641825299224
3601800.0,-2.0642242802400066
3603600.0,-1.97434468633181
3605400.0,-1.758349607902305
3607200.0,-1.4296446570654353
3609000.0,-1.008862767897309
3610800.0,-0.5225688496053006
3612600.0,-0.0015821496328849727
3614400.0,0.5209776960777692
3616200.0,1.0117969985455484
3618000.0,1.4394927226486267
3619800.0,1.7766199941638972
3621600.0,2.00143393291888
3623400.0,2.0992926611091347
3625200.0,2.0636109292319236
3627000.0,1.8963022430056578
3628800.0,1.6076798624770012
3630600.0,1.2158215149466403
3632400.0,0.7454369195344938
3634200.0,0.2263090739005433
3636000.0,-0.308592338905632
3637800.0,-0.8252058664670469
3639600.0,-1.290548349582135
3641400.0,-1.6748218059676996
3643200.0,-1.953322482261537
3645000.0,-2.1080297045098155
3646800.0,-2.1287722884393223
3648600.0,-2.013896984200111
3650400.0,-1.7703950360039482
3652200.0,-1.413477428248225
3654000.0,-0.9656245697713932
3655800.0,-0.45516979069193225
3657600.0,0.08549406040378976
3659400.0,0.6219713479044288
3661200.0,1.1200530504130106
3663000.0,1.5478993899667879
3664800.0,1.8780763504294713
3666600.0,2.0893157498914223
3668400.0,2.167885881910574
3670200.0,2.1084843476715696
3672000.0,1.9145950101345857
3673800.0,1.598285088364981
3675600.0,1.1794541059743266
3677400.0,0.6845814346777056
3679200.0,0.14505129269662626
3681000.0,-0.4048387906355351
3682800.0,-0.930059593990062
3684600.0,-1.3970830515236263
3686400.0,-1.7760239113428145
3688200.0,-2.042553315169077
3690000.0,-2.179461692385231
3691800.0,-2.1777705054700647
3693600.0,-2.0373209895762
3695400.0,-1.7668012818985577
3697200.0,-1.3832091209528743
3699000.0,-0.9107833303678446
3700800.0,-0.379471284199079
3702600.0,0.176970694259327
3704400.0,0.7231234300397169
3706200.0,1.2241609596323357
3708000.0,1.6480727597736193
3709800.0,1.9677102448036656
3711600.0,2.1625266052897585
3713400.0,2.21989841252395
3715200.0,2.135943925768484
3717000.0,1.9157850300722794
3718800.0,1.5732351673421754
3720600.0,1.1299322437430124
3722400.0,0.6139709644621562
3724200.0,0.05812109422017784
3726000.0,-0.5022552845515282
3727800.0,-1.0314550508814153
3729600.0,-1.4957104345102898
3731400.0,-1.8653452698782695
3733200.0,-2.116673325604518
3735000.0,-2.2335171878580176
3736800.0,-2.2082502286907197
3738600.0,-2.0422945024164596
3740400.0,-1.7460420565748744
3742200.0,-1.3382039114015427
3744000.0,-0.8446275067379451
3745800.0,-0.296657402691922
3747600.0,0.27085672478741635
3749400.0,0.8217781051763642
3751200.0,1.3209856391765562
3753000.0,1.7366145574776368
3754800.0,2.042091913729148
3756600.0,2.217836786671793
3758400.0,2.2525163251432088
3760200.0,2.1437770047418807
3762000.0,1.898403880055532
3763800.0,1.5318970823046898
3765600.0,1.0674920024656682
3767400.0,0.5346851391858075
3769200.0,-0.032640793090930265
3771000.0,-0.5983732310461071
3772800.0,-1.1264702627724907
3774600.0,-1.5832585969874695
3776400.0,-1.9395823716694387
3778200.0,-2.1726655710808918
3780000.0,-2.267568989700304
3781800.0,-2.2181484686286645
3783600.0,-2.0274528932859073
3785400.0,-1.7075361561204194
3787200.0,-1.278694676026464
3789000.0,-0.768178740008089
3790800.0,-0.20845954913106857
3792600.0,0.3648377394916719
3794400.0,0.9152032980781384
3796200.0,1.407569574651762
3798000.0,1.8105474744596222
3799800.0,2.0984290653971964
3801600.0,2.2528289267555786
3803400.0,2.2638592631583805
3805200.0,2.130763615038573
3807000.0,1.861968518725484
3808800.0,1.4745496001993075
3810600.0,0.9931459561864664
3812400.0,0.44839189772110927
3814200.0,-0.12503404578321037
3816000.0,-0.6906185095972459
3817800.0,-1.2123401895716577
3819600.0,-1.6569658442661523
3821400.0,-1.9961689373266984
3823200.0,-2.2083357456331143
3825000.0,-2.27994368176055
3826800.0,-2.2064238627305968
3828600.0,-1.9924528594087458
3830400.0,-1.6516549814937598
3832200.0,-1.2057340661882152
3834000.0,-0.6830901422990143
3835800.0,-0.11700921088287061
3837600.0,0.4564583804676158
3839400.0,1.000795629090422
3841200.0,1.481346070929078
3843000.0,1.8675220464127074
3844800.0,2.1347532167754277
3846600.0,2.266051104803287
3848400.0,2.2530899561038544
3850200.0,2.096735098081076
3852000.0,1.8069852406073983
3853800.0,1.4023325619695555
3855600.0,0.9085815674031146
3857400.0,0.3572022238195696
3859200.0,-0.21667743983364993
3861000.0,-0.7765111155223141
3862800.0,-1.2866634574261488
3864600.0,-1.7146802104563186
3866400.0,-2.0333544929781064
3868200.0,-2.222457573757767
3870000.0,-2.2700239520481675
3871800.0,-2.173109039528094
3873600.0,-1.9379714309438325
3875400.0,-1.5796684831284984
3877200.0,-1.121091352783212
3879000.0,-0.5915013820084811
3880800.0,-0.024661486671831604
3882600.0,0.5433180289430213
3884400.0,1.0762816779046178
3886200.0,1.540332124046189
3888000.0,1.9059877907272882
3889800.0,2.1500573033199726
3891600.0,2.257111496422816
3893400.0,2.2204594842516876
3895200.0,2.042567003691424
3897000.0,1.7348908648690085
3898800.0,1.3171406063949898
3900600.0,0.8160149717922821
3902400.0,0.2634942699216077
3904200.0,-0.30520207622245993
3906000.0,-0.8538622483961664
3907800.0,-1.3475895864148044
3909600.0,-1.755023817411403
3911400.0,-2.0503344692116863
3913200.0,-2.2148596624645687
3915000.0,-2.238286234980133
3916800.0,-2.1192965211172883
3918600.0,-1.8656412070119879
3920400.0,-1.493634327277665
3922200.0,-1.0271033190044963
3924000.0,-0.4958617527231464
3925800.0,0.06619729422163509
3927600.0,0.6232651993012188
3929400.0,1.1399008269664912
3931200.0,1.5832869659273334
3933000.0,1.9253164060203938
3934800.0,2.144374955534708
3936600.0,2.2267082134531444
3938400.0,2.1672856145328967
3940200.0,1.97010744405722
3942000.0,1.647936112209549
3943800.0,1.221469709325664
3945600.0,0.718011387695251
3947400.0,0.16972016873927623
3949200.0,-0.38844468286321004
3951000.0,-0.920954228412024
3952800.0,-1.3939729468352133
3954600.0,-1.7775100965321093
3956400.0,-2.047322465095276
3958200.0,-2.186447709649158
3960000.0,-2.1862712493605256
3961800.0,-2.047059575164828
3963600.0,-1.777926971460418
3965400.0,-1.3962388158747252
3967200.0,-0.9264905254115403
3969000.0,-0.39873456108033073
3970800.0,0.15334343322376948
3972600.0,0.6945761172549753
3974400.0,1.19055606144592
3976200.0,1.6098244989397426
3978000.0,1.9258679018888878
3979800.0,2.1187955898402544
3981600.0,2.1765921632781224
3983400.0,2.0958658680540845
3985200.0,1.8820462807841312
3987000.0,1.5490198922741671
3988800.0,1.118228005824003
3990600.0,0.6172855732751796
3992400.0,0.07820998653527081
3994200.0,-0.4646265034655309
3996000.0,-0.9766897139241965
3997800.0,-1.425481812126739
3999600.0,-1.782604938269417
4001400.0,-2.0255590555517884
4003200.0,-2.139160149307784
4005000.0,-2.116489348992542
4006800.0,-1.9593136398415676
4008600.0,-1.6779526331931498
4010400.0,-1.2906012122410178
4012200.0,-0.8221525064513735
4014000.0,-0.30259736705946944
4015800.0,0.2348966966007333
4017600.0,0.7561039997013751
4019400.0,1.2279211979295928
4021200.0,1.6204708428996477
4023000.0,1.9089942392258763
4024800.0,2.0754136286242595
4026600.0,2.109465097201245
4028400.0,2.0093311987305094
4030200.0,1.7817343341687775
4032000.0,1.4414863719177846
4033800.0,1.0105246331148445
4035600.0,0.5164969937436784
4037400.0,-0.009012602886281485
4039200.0,-0.5325042811626668
4041000.0,-1.0206987449242373
4042800.0,-1.4426538427897613
4044600.0,-1.7717265139396827
4046400.0,-1.9872556640119747
4048200.0,-2.0758596407605934
4050000.0,-2.032266819364404
4051800.0,-1.8596277660590645
4053600.0,-1.5692906028075844
4055400.0,-1.1800554238059162
4057200.0,-0.7169567333002282
4059000.0,-0.20965277717578376
4060800.0,0.30947456705573156
4062600.0,0.8073875597395201
4064400.0,1.252495936958308
4066200.0,1.6166618583118941
4068000.0,1.8769791735259522
4069800.0,2.017214468357068
4071600.0,2.0288192216860117
4073400.0,1.9114499821540936
4075200.0,1.672964980445393
4077000.0,1.328899013699511
4078800.0,0.901451637493844
4080600.0,0.4180545651286054
4082400.0,-0.09038925418304389
4084200.0,-0.5914818053557731
4086000.0,-1.0533950146610973
4087800.0,-1.4468929338623762
4089600.0,-1.7471825886437733
4091400.0,-1.9354762956761493
4093200.0,-2.0001669917451164
4095000.0,-1.937543062370576
4096800.0,-1.7519986979805104
4098600.0,-1.455728047375292
4100400.0,-1.0679243197174366
4102200.0,-0.6135364125710542
4104000.0,-0.12166361924883966
4105800.0,0.37630827499292535
4107600.0,0.8487100922257539
4109400.0,1.2656036873174303
4111200.0,1.6006795412471857
4113000.0,1.8329172298265348
4114800.0,1.9479039677321366
4116600.0,1.938728534495023
4118400.0,1.806395180655523
4120200.0,1.5597328342124785
4122000.0,1.2148071130897118
4123800.0,0.7938742457288017
4125600.0,0.323945000934918
4127400.0,-0.16494870602688574
4129200.0,-0.6416732785701855
4131000.0,-1.0759762786272993
4132800.0,-1.4404063448422675
4134600.0,-1.7120483381917113
4136400.0,-1.8739640433581612
4138200.0,-1.9162478648681827
4140000.0,-1.8366317588002252
4141800.0,-1.6406025358289547
4143600.0,-1.3410258070699954
4145400.0,-0.9573022323644854
4147200.0,-0.5141113742715028
4149000.0,-0.03982448132053227
4150800.0,0.43531172040666727
4152600.0,0.881103958179563
4154400.0,1.269331050356478
4156200.0,1.5755303342384277
4158000.0,1.780538812953758
4159800.0,1.8716919517802821
4161600.0,1.8436051679899867
4163400.0,1.6984898557597898
4165200.0,1.4459855480915473
4167000.0,1.1025206382098107
4168800.0,0.6902440004781585
4170600.0,0.2355969671711632
4172400.0,-0.23238228070426345
4174200.0,-0.6839131826617626
4176000.0,-1.0903677059241574
4177800.0,-1.4260851338090856
4179600.0,-1.6699917130287472
4181400.0,-1.8069229607970243
4183200.0,-1.8285657023480817
4185000.0,-1.7339613771340616
4186800.0,-1.5295402433529393
4188600.0,-1.2286860270816606
4190400.0,-0.8508603964777488
4192200.0,-0.4203444980829892
4194000.0,0.035321091161234414
4195800.0,0.48709778403812587
4197600.0,0.9062991409750937
4199400.0,1.266411910448396
4201200.0,1.5447723814538528
4203000.0,1.7239920949810938
4204800.0,1.7930432728738621
4206600.0,1.7479362667875782
4208400.0,1.5919474923075894
4210200.0,1.3353850162566707
4212000.0,0.9949083764320136
4213800.0,0.592447462068985
4215600.0,0.15379058073687898
4217400.0,-0.2930674121943795
4219200.0,-0.7197111424422336
4221000.0,-1.0991109939483694
4222800.0,-1.4073348559312897
4224600.0,-1.625056984121607
4226400.0,-1.7387688989260621
4228200.0,-1.741616509092934
4230000.0,-1.63381165735342
4231800.0,-1.4225934928520645
4233600.0,-1.1217437450155918
4235400.0,-0.7506882796454016
4237200.0,-0.3332434651776544
4239000.0,0.1039117863027941
4240800.0,0.5329403161560153
4242600.0,0.9266185262714771
4244400.0,1.2600629735116975
4246200.0,1.5123023025638747
4248000.0,1.6675952761461013
4249800.0,1.7164121306650877
4251600.0,1.6560181480343787
4253400.0,1.4906237971747374
4255200.0,1.2310934324565734
4257000.0,0.8942325800280585
4258800.0,0.5017005160096959
4260600.0,0.07861845578447395
4262400.0,-0.34803725605410946
4264200.0,-0.7511542335621868
4266000.0,-1.1052059252644266
4267800.0,-1.3878669894316087
4269600.0,-1.5814200140052386
4271400.0,-1.6738650155300543
4273200.0,-1.659662311694097
4275000.0,-1.5400628588289689
4276800.0,-1.3230064738603464
4278600.0,-1.0225958403854858
4280400.0,-0.658181084288347
4282200.0,-0.253114292849275
4284000.0,0.16674590851685772
4285800.0,0.5746840178794514
4287600.0,0.9448263841168223
4289400.0,1.2537810595949956
4291200.0,1.4821149240873754
4293000.0,1.6155748840818105
4294800.0,1.6459764844977482
4296600.0,1.571704609915383
4298400.0,1.3977957312867497
4300200.0,1.1355977899325427
4302000.0,0.8020306091893139
4303800.0,0.4184949863520561
4305600.0,0.009500747431142355
4307400.0,-0.398898347809274
4309200.0,-0.780762984376121
4311000.0,-1.1119144770017215
4312800.0,-1.3714643767659789
4314600.0,-1.5431308203927714
4316400.0,-1.6162587537263642
4318200.0,-1.586480182451423
4320000.0,-1.4559736147019957
